game_id,card_id,card_color,hint,word_index,word_color,word_key,label_fr,scan_status,label_en,label_es
pictionary,pictionary_C001,yellow,,1,yellow,portemanteau,"Portemanteau",100,Coat rack,Perchero
pictionary,pictionary_C001,yellow,,2,blue,opera,"Opéra",100,Opera,Ópera
pictionary,pictionary_C001,yellow,,3,orange,sevader,"S'évader",100,Escape,Escapar
pictionary,pictionary_C001,yellow,,4,green,avoir_un_haut_le_coeur,"Avoir un haut le cœur",100,Feel nauseous,Sentir náuseas
pictionary,pictionary_C001,yellow,,5,red,koh_lanta,"Koh Lanta",100,Survival show,Programa de supervivencia

pictionary,pictionary_C002,yellow,,1,yellow,tote_bag,"Tote bag",100,Tote bag,Bolsa tote
pictionary,pictionary_C002,yellow,,2,blue,elysee,"Élysée",100,Élysée Palace,Palacio del Elíseo
pictionary,pictionary_C002,yellow,,3,orange,mesurer,"Mesurer",100,Measure,Medir
pictionary,pictionary_C002,yellow,,4,green,devenir_dingue,"Devenir dingue",100,Go crazy,Volverse loco
pictionary,pictionary_C002,yellow,,5,red,la_bourse,"La bourse",100,Stock market,Bolsa de valores

pictionary,pictionary_C003,yellow,,1,yellow,thierry,"Thierry",100,Man named Thierry,Hombre llamado Thierry
pictionary,pictionary_C003,yellow,,2,blue,poney,"Poney",100,Pony,Poni
pictionary,pictionary_C003,yellow,,3,orange,frotter,"Frotter",100,Rub,Frotar
pictionary,pictionary_C003,yellow,,4,green,avoir_le_mal_de_mer,"Avoir le mal de mer",100,Seasick,Mareo
pictionary,pictionary_C003,yellow,,5,red,beaujolais_nouveau,"Beaujolais nouveau",100,New wine,Vino nuevo

pictionary,pictionary_C004,yellow,,1,yellow,taxi,"Taxi",100,Taxi,Taxi
pictionary,pictionary_C004,yellow,,2,blue,couturier,"Couturier",100,Fashion designer,Diseñador de moda
pictionary,pictionary_C004,yellow,,3,orange,melanger,"Mélanger",100,Mix,Mezclar
pictionary,pictionary_C004,yellow,,4,green,retourner_sa_veste,"Retourner sa veste",100,Change sides,Cambiar de bando
pictionary,pictionary_C004,yellow,,5,red,dora_lexploratrice,"Dora l'exploratrice",100,Dora the Explorer,Dora la Exploradora

pictionary,pictionary_C005,yellow,,1,yellow,carrousel,"Carrousel",100,Carousel,Carrusel
pictionary,pictionary_C005,yellow,,2,blue,port,"Port",100,Harbor,Puerto
pictionary,pictionary_C005,yellow,,3,orange,tirer_sur_une_corde,"Tirer sur une corde",100,Pull a rope,Tirar de una cuerda
pictionary,pictionary_C005,yellow,,4,green,il_pleut_des_cordes,"Il pleut des cordes",100,Heavy rain,Lluvia fuerte
pictionary,pictionary_C005,yellow,,5,red,croix_rouge,"Croix-Rouge",100,Red Cross,Cruz Roja

pictionary,pictionary_C006,yellow,,1,yellow,fontaine,"Fontaine",100,Fountain,Fuente
pictionary,pictionary_C006,yellow,,2,blue,presentateur,"Présentateur",100,TV host,Presentador
pictionary,pictionary_C006,yellow,,3,orange,enlacer_quelquun,"Enlacer quelqu'un",100,Hug someone,Abrazar a alguien
pictionary,pictionary_C006,yellow,,4,green,grippe_aviaire,"Grippe aviaire",100,Bird flu,Gripe aviar
pictionary,pictionary_C006,yellow,,5,red,omar_sy,"Omar Sy",100,Omar Sy,Omar Sy

pictionary,pictionary_C007,yellow,,1,yellow,coquetier,"Coquetier",100,Egg cup,Huevera
pictionary,pictionary_C007,yellow,,2,blue,majordome,"Majordome",100,Butler,Mayordomo
pictionary,pictionary_C007,yellow,,3,orange,partager,"Partager",100,Share,Compartir
pictionary,pictionary_C007,yellow,,4,green,faire_un_voeu,"Faire un vœu",100,Make a wish,Pedir un deseo
pictionary,pictionary_C007,yellow,,5,red,hollywood,"Hollywood",100,Hollywood,Hollywood

pictionary,pictionary_C008,yellow,,1,yellow,trophee,"Trophée",100,Trophy,Trofeo
pictionary,pictionary_C008,yellow,,2,blue,grand_canyon,"Grand Canyon",100,Grand Canyon,Gran Cañón
pictionary,pictionary_C008,yellow,,3,orange,tourner,"Tourner",100,Turn,Girar
pictionary,pictionary_C008,yellow,,4,green,maree_haute,"Marée haute",100,High tide,Marea alta
pictionary,pictionary_C008,yellow,,5,red,moliere,"Molière",100,Molière,Molière

pictionary,pictionary_C009,yellow,,1,yellow,fleuret,"Fleuret",100,Foil sword,Florete
pictionary,pictionary_C009,yellow,,2,blue,berger,"Berger",100,Shepherd,Pastor
pictionary,pictionary_C009,yellow,,3,orange,expirer,"Expirer",100,Exhale,Exhalar
pictionary,pictionary_C009,yellow,,4,green,arnaque,"Arnaque",100,Scam,Estafa
pictionary,pictionary_C009,yellow,,5,red,karaoke,"Karaoké",100,Karaoke,Karaoke

pictionary,pictionary_C010,yellow,,1,yellow,cheminee,"Cheminée",100,Fireplace,Chimenea
pictionary,pictionary_C010,yellow,,2,blue,paris,"Paris",100,Paris,París
pictionary,pictionary_C010,yellow,,3,orange,fondre,"Fondre",100,Melt,Derretirse
pictionary,pictionary_C010,yellow,,4,green,depasser_les_bornes,"Dépasser les bornes",100,Go too far,Pasarse de la raya
pictionary,pictionary_C010,yellow,,5,red,alfred_hitchcock,"Alfred Hitchcock",100,Alfred Hitchcock,Alfred Hitchcock

pictionary,pictionary_C011,yellow,,1,yellow,epingle,"Épingle",100,Pin,Alfiler
pictionary,pictionary_C011,yellow,,2,blue,dentiste,"Dentiste",100,Dentist,Dentista
pictionary,pictionary_C011,yellow,,3,orange,percer,"Percer",100,Pierce,Perforar
pictionary,pictionary_C011,yellow,,4,green,avoir_les_nerfs,"Avoir les nerfs",100,Be angry,Estar nervioso
pictionary,pictionary_C011,yellow,,5,red,festival_de_cannes,"Festival de Cannes",100,Festival de Cannes,Festival de Cannes

pictionary,pictionary_C012,yellow,,1,yellow,entonnoir,"Entonnoir",100,Funnel,Embudo
pictionary,pictionary_C012,yellow,,2,blue,hibou,"Hibou",100,Owl,Búho
pictionary,pictionary_C012,yellow,,3,orange,observer,"Observer",100,Observe,Observar
pictionary,pictionary_C012,yellow,,4,green,avoir_l_oeil,"Avoir l’œil",100,Keep an eye,Estar atento
pictionary,pictionary_C012,yellow,,5,red,le_mont_saint_michel,"Le Mont-Saint-Michel",100,Le Mont-Saint-Michel,Le Mont-Saint-Michel

pictionary,pictionary_C013,yellow,,1,yellow,entonnoir_a_huile,"Entonnoir à huile",100,Oil funnel,Embudo de aceite
pictionary,pictionary_C013,yellow,,2,blue,aigle,"Aigle",100,Eagle,Águila
pictionary,pictionary_C013,yellow,,3,orange,voler,"Voler",100,Fly,Volar
pictionary,pictionary_C013,yellow,,4,green,prendre_de_la_hauteur,"Prendre de la hauteur",100,Gain height,Ganar altura
pictionary,pictionary_C013,yellow,,5,red,le_puy_du_fou,"Le Puy du Fou",100,Le Puy du Fou,Le Puy du Fou

pictionary,pictionary_C014,yellow,,1,yellow,corde,"Corde",100,Rope,Cuerda
pictionary,pictionary_C014,yellow,,2,blue,araignee,"Araignée",100,Spider,Araña
pictionary,pictionary_C014,yellow,,3,orange,escalader,"Escalader",100,Climb,Escalar
pictionary,pictionary_C014,yellow,,4,green,s_accrocher,"S'accrocher",100,Hang on,Agarrarse
pictionary,pictionary_C014,yellow,,5,red,la_defense,"La Défense",100,La Défense,La Défense

pictionary,pictionary_C015,yellow,,1,yellow,entonnoir_de_cuisine,"Entonnoir de cuisine",100,Kitchen funnel,Embudo de cocina
pictionary,pictionary_C015,yellow,,2,blue,tortue,"Tortue",100,Turtle,Tortuga
pictionary,pictionary_C015,yellow,,3,orange,avancer,"Avancer",100,Move forward,Avanzar
pictionary,pictionary_C015,yellow,,4,green,prendre_son_temps,"Prendre son temps",100,Take your time,Tomarse su tiempo
pictionary,pictionary_C015,yellow,,5,red,le_marais,"Le Marais",100,Le Marais,Le Marais

pictionary,pictionary_C016,yellow,,1,yellow,cle,"Clé",100,Key,Llave
pictionary,pictionary_C016,yellow,,2,blue,poisson,"Poisson",100,Fish,Pez
pictionary,pictionary_C016,yellow,,3,orange,plonger,"Plonger",100,Dive,Bucear
pictionary,pictionary_C016,yellow,,4,green,se_noircir,"Se noircir",100,Turn black,Oscurecerse
pictionary,pictionary_C016,yellow,,5,red,arc_de_triomphe,"Arc de Triomphe",100,Arc de Triomphe,Arc de Triomphe

pictionary,pictionary_C017,yellow,,1,yellow,echelle,"Échelle",100,Ladder,Escalera
pictionary,pictionary_C017,yellow,,2,blue,chameau,"Chameau",100,Camel,Camello
pictionary,pictionary_C017,yellow,,3,orange,grimper,"Grimper",100,Climb,Trepar
pictionary,pictionary_C017,yellow,,4,green,perdre_la_face,"Perdre la face",100,Lose face,Perder la cara
pictionary,pictionary_C017,yellow,,5,red,les_champs_elysees,"Les Champs-Élysées",100,Les Champs-Élysées,Les Champs-Élysées

pictionary,pictionary_C018,yellow,,1,yellow,coffre,"Coffre",100,Chest,Cofre
pictionary,pictionary_C018,yellow,,2,blue,papillon,"Papillon",100,Butterfly,Mariposa
pictionary,pictionary_C018,yellow,,3,orange,attraper,"Attraper",100,Catch,Atrapar
pictionary,pictionary_C018,yellow,,4,green,prendre_son_envol,"Prendre son envol",100,Take flight,Alzar el vuelo
pictionary,pictionary_C018,yellow,,5,red,le_pont_neuf,"Le Pont-Neuf",100,Le Pont-Neuf,Le Pont-Neuf

pictionary,pictionary_C019,yellow,,1,yellow,lampe,"Lampe",100,Lamp,Lámpara
pictionary,pictionary_C019,yellow,,2,blue,ours,"Ours",100,Bear,Oso
pictionary,pictionary_C019,yellow,,3,orange,allumer,"Allumer",100,Turn on,Encender
pictionary,pictionary_C019,yellow,,4,green,voir_la_lumiere,"Voir la lumière",100,See the light,Ver la luz
pictionary,pictionary_C019,yellow,,5,red,le_mont_blanc,"Le Mont-Blanc",100,Le Mont-Blanc,Le Mont-Blanc

pictionary,pictionary_C020,yellow,,1,yellow,tiroir,"Tiroir",100,Drawer,Cajón
pictionary,pictionary_C020,yellow,,2,blue,serpent,"Serpent",100,Snake,Serpiente
pictionary,pictionary_C020,yellow,,3,orange,ramper,"Ramper",100,Crawl,Reptar
pictionary,pictionary_C020,yellow,,4,green,avoir_la_peau_dure,"Avoir la peau dure",100,Be tough,Ser duro
pictionary,pictionary_C020,yellow,,5,red,le_futuroscope,"Le Futuroscope",100,Le Futuroscope,Le Futuroscope

pictionary,pictionary_C021,yellow,,1,yellow,entonnoir,"Entonnoir",100,Funnel,Embudo
pictionary,pictionary_C021,yellow,,2,blue,hibou,"Hibou",100,Owl,Búho
pictionary,pictionary_C021,yellow,,3,orange,observer,"Observer",100,Observe,Observar
pictionary,pictionary_C021,yellow,,4,green,avoir_l_oeil,"Avoir l’œil",100,Keep an eye,Estar atento
pictionary,pictionary_C021,yellow,,5,red,le_mont_saint_michel,"Le Mont-Saint-Michel",100,Le Mont-Saint-Michel,Le Mont-Saint-Michel

pictionary,pictionary_C022,yellow,,1,yellow,entonnoir_a_huile,"Entonnoir à huile",100,Oil funnel,Embudo de aceite
pictionary,pictionary_C022,yellow,,2,blue,aigle,"Aigle",100,Eagle,Águila
pictionary,pictionary_C022,yellow,,3,orange,voler,"Voler",100,Fly,Volar
pictionary,pictionary_C022,yellow,,4,green,prendre_de_la_hauteur,"Prendre de la hauteur",100,Gain height,Ganar altura
pictionary,pictionary_C022,yellow,,5,red,le_puy_du_fou,"Le Puy du Fou",100,Le Puy du Fou,Le Puy du Fou

pictionary,pictionary_C023,yellow,,1,yellow,corde,"Corde",100,Rope,Cuerda
pictionary,pictionary_C023,yellow,,2,blue,araignee,"Araignée",100,Spider,Araña
pictionary,pictionary_C023,yellow,,3,orange,escalader,"Escalader",100,Climb,Escalar
pictionary,pictionary_C023,yellow,,4,green,s_accrocher,"S'accrocher",100,Hang on,Agarrarse
pictionary,pictionary_C023,yellow,,5,red,la_defense,"La Défense",100,La Défense,La Défense

pictionary,pictionary_C024,yellow,,1,yellow,entonnoir_de_cuisine,"Entonnoir de cuisine",100,Kitchen funnel,Embudo de cocina
pictionary,pictionary_C024,yellow,,2,blue,tortue,"Tortue",100,Turtle,Tortuga
pictionary,pictionary_C024,yellow,,3,orange,avancer,"Avancer",100,Move forward,Avanzar
pictionary,pictionary_C024,yellow,,4,green,prendre_son_temps,"Prendre son temps",100,Take your time,Tomarse su tiempo
pictionary,pictionary_C024,yellow,,5,red,le_marais,"Le Marais",100,Le Marais,Le Marais

pictionary,pictionary_C025,yellow,,1,yellow,cle,"Clé",100,Key,Llave
pictionary,pictionary_C025,yellow,,2,blue,poisson,"Poisson",100,Fish,Pez
pictionary,pictionary_C025,yellow,,3,orange,plonger,"Plonger",100,Dive,Bucear
pictionary,pictionary_C025,yellow,,4,green,se_noircir,"Se noircir",100,Turn black,Oscurecerse
pictionary,pictionary_C025,yellow,,5,red,arc_de_triomphe,"Arc de Triomphe",100,Arc de Triomphe,Arc de Triomphe

pictionary,pictionary_C026,yellow,,1,yellow,echelle,"Échelle",100,Ladder,Escalera
pictionary,pictionary_C026,yellow,,2,blue,chameau,"Chameau",100,Camel,Camello
pictionary,pictionary_C026,yellow,,3,orange,grimper,"Grimper",100,Climb,Trepar
pictionary,pictionary_C026,yellow,,4,green,perdre_la_face,"Perdre la face",100,Lose face,Perder la cara
pictionary,pictionary_C026,yellow,,5,red,les_champs_elysees,"Les Champs-Élysées",100,Les Champs-Élysées,Les Champs-Élysées

pictionary,pictionary_C027,yellow,,1,yellow,coffre,"Coffre",100,Chest,Cofre
pictionary,pictionary_C027,yellow,,2,blue,papillon,"Papillon",100,Butterfly,Mariposa
pictionary,pictionary_C027,yellow,,3,orange,attraper,"Attraper",100,Catch,Atrapar
pictionary,pictionary_C027,yellow,,4,green,prendre_son_envol,"Prendre son envol",100,Take flight,Alzar el vuelo
pictionary,pictionary_C027,yellow,,5,red,le_pont_neuf,"Le Pont-Neuf",100,Le Pont-Neuf,Le Pont-Neuf

pictionary,pictionary_C028,yellow,,1,yellow,lampe,"Lampe",100,Lamp,Lámpara
pictionary,pictionary_C028,yellow,,2,blue,ours,"Ours",100,Bear,Oso
pictionary,pictionary_C028,yellow,,3,orange,allumer,"Allumer",100,Turn on,Encender
pictionary,pictionary_C028,yellow,,4,green,voir_la_lumiere,"Voir la lumière",100,See the light,Ver la luz
pictionary,pictionary_C028,yellow,,5,red,le_mont_blanc,"Le Mont-Blanc",100,Le Mont-Blanc,Le Mont-Blanc

pictionary,pictionary_C029,yellow,,1,yellow,tiroir,"Tiroir",100,Drawer,Cajón
pictionary,pictionary_C029,yellow,,2,blue,serpent,"Serpent",100,Snake,Serpiente
pictionary,pictionary_C029,yellow,,3,orange,ramper,"Ramper",100,Crawl,Reptar
pictionary,pictionary_C029,yellow,,4,green,avoir_la_peau_dure,"Avoir la peau dure",100,Be tough,Ser duro
pictionary,pictionary_C029,yellow,,5,red,le_futuroscope,"Le Futuroscope",100,Le Futuroscope,Le Futuroscope

pictionary,pictionary_C030,yellow,,1,yellow,entonnoir_a_huile,"Entonnoir à huile",100,Oil funnel,Embudo de aceite
pictionary,pictionary_C030,yellow,,2,blue,aigle,"Aigle",100,Eagle,Águila
pictionary,pictionary_C030,yellow,,3,orange,voler,"Voler",100,Fly,Volar
pictionary,pictionary_C030,yellow,,4,green,prendre_de_la_hauteur,"Prendre de la hauteur",100,Gain height,Ganar altura
pictionary,pictionary_C030,yellow,,5,red,le_puy_du_fou,"Le Puy du Fou",100,Le Puy du Fou,Le Puy du Fou

pictionary,pictionary_C031,yellow,,1,yellow,piscine,"Piscine",100,Swimming pool,Piscina
pictionary,pictionary_C031,yellow,,2,blue,etudiant,"Étudiant",100,Student,Estudiante
pictionary,pictionary_C031,yellow,,3,orange,plucher,"Plucher",100,Peel,Pelar
pictionary,pictionary_C031,yellow,,4,green,etre_vivant,"Être vivant",100,Living being,Ser vivo
pictionary,pictionary_C031,yellow,,5,red,coco_chanel,"Coco Chanel",100,Coco Chanel,Coco Chanel

pictionary,pictionary_C032,yellow,,1,yellow,tablier,"Tablier",100,Apron,Delantal
pictionary,pictionary_C032,yellow,,2,blue,cobra,"Cobra",100,Cobra,Cobra
pictionary,pictionary_C032,yellow,,3,orange,rebondir,"Rebondir",100,Bounce,Rebotar
pictionary,pictionary_C032,yellow,,4,green,faire_un_creneau,"Faire un créneau",100,Parallel park,Aparcar en batería
pictionary,pictionary_C032,yellow,,5,red,haka,"Haka",100,Haka,Haka

pictionary,pictionary_C033,yellow,,1,yellow,jacuzzi,"Jacuzzi",100,Jacuzzi,Jacuzzi
pictionary,pictionary_C033,yellow,,2,blue,creche,"Crèche",100,Nursery,Guardería
pictionary,pictionary_C033,yellow,,3,orange,se_mettre_a_genoux,"Se mettre à genoux",100,Kneel,Arrodillarse
pictionary,pictionary_C033,yellow,,4,green,moutarde,"Moutarde",100,Mustard,Mostaza
pictionary,pictionary_C033,yellow,,5,red,co_voiturage,"Covoiturage",100,Carpooling,Coche compartido

pictionary,pictionary_C034,yellow,,1,yellow,cadenas,"Cadenas",100,Padlock,Candado
pictionary,pictionary_C034,yellow,,2,blue,pont_levis,"Pont-levis",100,Drawbridge,Puente levadizo
pictionary,pictionary_C034,yellow,,3,orange,retracer,"Retracer",100,Trace again,Volver a trazar
pictionary,pictionary_C034,yellow,,4,green,haut_de_gamme,"Haut de gamme",100,High-end,Alta gama
pictionary,pictionary_C034,yellow,,5,red,futuroscope,"Futuroscope",100,Futuroscope,Futuroscope

pictionary,pictionary_C035,yellow,,1,yellow,barriere,"Barrière",100,Barrier,Barrera
pictionary,pictionary_C035,yellow,,2,blue,leopard,"Léopard",100,Leopard,Leopardo
pictionary,pictionary_C035,yellow,,3,orange,frissonner,"Frissonner",100,Shiver,Temblar
pictionary,pictionary_C035,yellow,,4,green,marathon,"Marathon",100,Marathon,Maratón
pictionary,pictionary_C035,yellow,,5,red,speed_dating,"Speed dating",100,Speed dating,Speed dating

pictionary,pictionary_C036,yellow,,1,yellow,fauteuil,"Fauteuil",100,Armchair,Sillón
pictionary,pictionary_C036,yellow,,2,blue,calamar,"Calamar",100,Squid,Calamar
pictionary,pictionary_C036,yellow,,3,orange,se_deshabiller,"Se déshabiller",100,Undress,Desvestirse
pictionary,pictionary_C036,yellow,,4,green,chiffre_d_affaires,"Chiffre d'affaires",100,Revenue,Facturación
pictionary,pictionary_C036,yellow,,5,red,jeux_olympiques,"Jeux Olympiques",100,Jeux Olympiques,Jeux Olympiques

pictionary,pictionary_C037,yellow,,1,yellow,robe_de_chambre,"Robe de chambre",100,Bathrobe,Bata
pictionary,pictionary_C037,yellow,,2,blue,paon,"Paon",100,Peacock,Pavo real
pictionary,pictionary_C037,yellow,,3,orange,plonger,"Plonger",100,Dive,Bucear
pictionary,pictionary_C037,yellow,,4,green,chanter_faux,"Chanter faux",100,Sing off-key,Cantar mal
pictionary,pictionary_C037,yellow,,5,red,steven_spielberg,"Steven Spielberg",100,Steven Spielberg,Steven Spielberg

pictionary,pictionary_C038,yellow,,1,yellow,passeport,"Passeport",100,Passport,Paspaporte
pictionary,pictionary_C038,yellow,,2,blue,blaireau,"Blaireau",100,Badger,Tejón
pictionary,pictionary_C038,yellow,,3,orange,tendre,"Tendre",100,Reach out,Extender
pictionary,pictionary_C038,yellow,,4,green,partie_visible_de_l_iceberg,"Partie visible de l'iceberg",100,Tip of the iceberg,Punta del iceberg
pictionary,pictionary_C038,yellow,,5,red,george_clooney,"George Clooney",100,George Clooney,George Clooney

pictionary,pictionary_C039,yellow,,1,yellow,frisbee,"Frisbee",100,Frisbee,Frisbee
pictionary,pictionary_C039,yellow,,2,blue,poulpe,"Poulpe",100,Octopus,Pulpo
pictionary,pictionary_C039,yellow,,3,orange,apprendre,"Apprendre",100,Learn,Aprender
pictionary,pictionary_C039,yellow,,4,green,ville_fantome,"Ville fantôme",100,Ghost town,Pueblo fantasma
pictionary,pictionary_C039,yellow,,5,red,guinness_record,"Guinness Record",100,Guinness Record,Guinness Record

pictionary,pictionary_C040,yellow,,1,yellow,cafetiere,"Cafetière",100,Coffee maker,Cafetera
pictionary,pictionary_C040,yellow,,2,blue,panda,"Panda",100,Panda,Panda
pictionary,pictionary_C040,yellow,,3,orange,poncer,"Poncer",100,Sand (wood),Lijar
pictionary,pictionary_C040,yellow,,4,green,cremation,"Crémation",100,Cremation,Cremación
pictionary,pictionary_C040,yellow,,5,red,faire_le_pont,"Faire le pont",100,Long weekend,Hacer puente

pictionary,pictionary_C041,yellow,,1,yellow,cadeau,"Cadeau",100,Gift,Regalo
pictionary,pictionary_C041,yellow,,2,blue,agriculture,"Agriculture",100,Agriculture,Agricultura
pictionary,pictionary_C041,yellow,,3,orange,exploser,"Exploser",100,Explode,Explotar
pictionary,pictionary_C041,yellow,,4,green,alveoles,"Alvéoles",100,Cells,Celdillas
pictionary,pictionary_C041,yellow,,5,red,chucky,"Chucky",100,Chucky,Chucky

pictionary,pictionary_C042,yellow,,1,yellow,feu_d_artifice,"Feu d'artifice",100,Fireworks,Fuegos artificiales
pictionary,pictionary_C042,yellow,,2,blue,dentiste,"Dentiste",100,Dentist,Dentista
pictionary,pictionary_C042,yellow,,3,orange,avaler,"Avaler",100,Swallow,Tragar
pictionary,pictionary_C042,yellow,,4,green,cul_de_sac,"Cul-de-sac",100,Dead end,Callejón sin salida
pictionary,pictionary_C042,yellow,,5,red,puy_du_fou,"Puy du Fou",100,Puy du Fou,Puy du Fou

pictionary,pictionary_C043,yellow,,1,yellow,lance_pierres,"Lance-pierres",100,Slingshot,Tirachinas
pictionary,pictionary_C043,yellow,,2,blue,grande_muraille_de_chine,"Grande Muraille de Chine",100,Great Wall of China,Gran Muralla China
pictionary,pictionary_C043,yellow,,3,orange,operer,"Opérer",100,Operate,Operar
pictionary,pictionary_C043,yellow,,4,green,siege_ejectable,"Siège éjectable",100,Ejection seat,Asiento eyectable
pictionary,pictionary_C043,yellow,,5,red,zlatan_ibrahimovic,"Zlatan Ibrahimović",100,Zlatan Ibrahimović,Zlatan Ibrahimović

pictionary,pictionary_C044,yellow,,1,yellow,melangeur,"Mélangeur",100,Mixer,Mezclador
pictionary,pictionary_C044,yellow,,2,blue,hippocampe,"Hippocampe",100,Seahorse,Caballito de mar
pictionary,pictionary_C044,yellow,,3,orange,chatouiller,"Chatouiller",100,Tickle,Hacer cosquillas
pictionary,pictionary_C044,yellow,,4,green,station_d_epuration,"Station d'épuration",100,Water treatment plant,Planta depuradora
pictionary,pictionary_C044,yellow,,5,red,baccalaureat,"Baccalauréat",100,Baccalauréat,Baccalauréat

pictionary,pictionary_C045,yellow,,1,yellow,congelateur,"Congélateur",100,Freezer,Congelador
pictionary,pictionary_C045,yellow,,2,blue,psychologue,"Psychologue",100,Psychologist,Psicólogo
pictionary,pictionary_C045,yellow,,3,orange,boire,"Boire",100,Drink,Beber
pictionary,pictionary_C045,yellow,,4,green,etre_agre,"Être âgé",100,Be old,Ser mayor
pictionary,pictionary_C045,yellow,,5,red,prix_nobel,"Prix Nobel",100,Prix Nobel,Prix Nobel

pictionary,pictionary_C046,yellow,,1,yellow,bouclier,"Bouclier",100,Shield,Escudo
pictionary,pictionary_C046,yellow,,2,blue,reine,"Reine",100,Queen,Reina
pictionary,pictionary_C046,yellow,,3,orange,se_muscler,"Se muscler",100,Build muscles,Muscularse
pictionary,pictionary_C046,yellow,,4,green,fumer_comme_un_pompier,"Fumer comme un pompier",100,Smoke a lot,Fumar como un carretero
pictionary,pictionary_C046,yellow,,5,red,photomaton,"Photomaton",100,Photo booth,Fotomatón

pictionary,pictionary_C047,yellow,,1,yellow,passeoire,"Passoire",100,Colander,Colador
pictionary,pictionary_C047,yellow,,2,blue,architecte,"Architecte",100,Architect,Arquitecto
pictionary,pictionary_C047,yellow,,3,orange,vaporiser,"Vaporiser",100,Spray,Vaporizar
pictionary,pictionary_C047,yellow,,4,green,vide,"Vide",100,Empty,Vacío
pictionary,pictionary_C047,yellow,,5,red,la_danse_des_canards,"La danse des canards",100,La danse des canards,La danse des canards

pictionary,pictionary_C048,yellow,,1,yellow,enciente_musicale,"Enceinte musicale",100,Speaker,Altavoz
pictionary,pictionary_C048,yellow,,2,blue,pirate,"Pirate",100,Pirate,Pirata
pictionary,pictionary_C048,yellow,,3,orange,pedaler,"Pédaler",100,Pedal,Pedalear
pictionary,pictionary_C048,yellow,,4,green,annuaire,"Annuaire",100,Directory,Directorio
pictionary,pictionary_C048,yellow,,5,red,irish_coffee,"Irish coffee",100,Irish coffee,Irish coffee

pictionary,pictionary_C049,yellow,,1,yellow,squeezer,"Squeezer",100,Juicer,Exprimidor
pictionary,pictionary_C049,yellow,,2,blue,banquise,"Banquise",100,Ice floe,Banquisa
pictionary,pictionary_C049,yellow,,3,orange,universite,"Université",100,University,Universidad
pictionary,pictionary_C049,yellow,,4,green,franchise_alimentaire,"Franchise alimentaire",100,Food franchise,Franquicia alimentaria
pictionary,pictionary_C049,yellow,,5,red,marc_gasol,"Marc Gasol",100,Marc Gasol,Marc Gasol

pictionary,pictionary_C050,yellow,,1,yellow,cercle,"Cercle",100,Circle,Círculo
pictionary,pictionary_C050,yellow,,2,blue,basket,"Basket",100,Basketball,Baloncesto
pictionary,pictionary_C050,yellow,,3,orange,etre_en_colere,"Être en colère",100,Be angry,Estar enfadado
pictionary,pictionary_C050,yellow,,4,green,ramener_a_la_maison,"Ramener à la maison",100,Bring home,Llevar a casa
pictionary,pictionary_C050,yellow,,5,red,peaky_blinders,"Peaky Blinders",100,Peaky Blinders,Peaky Blinders

pictionary,pictionary_C051,yellow,,1,yellow,ponton,"Ponton",100,Pier,Pantalán
pictionary,pictionary_C051,yellow,,2,blue,pere,"Père",100,Father,Padre
pictionary,pictionary_C051,yellow,,3,orange,poisson,"Poisson",100,Fish,Pez
pictionary,pictionary_C051,yellow,,4,green,faire_la_fete,"Faire la fête",100,Party,Salir de fiesta
pictionary,pictionary_C051,yellow,,5,red,france,"France",100,France,France

pictionary,pictionary_C052,yellow,,1,yellow,petard,"Pétard",100,Firecracker,Petardo
pictionary,pictionary_C052,yellow,,2,blue,dentiste,"Dentiste",100,Dentist,Dentista
pictionary,pictionary_C052,yellow,,3,orange,avaler,"Avaler",100,Swallow,Tragar
pictionary,pictionary_C052,yellow,,4,green,cul_de_sac,"Cul-de-sac",100,Dead end,Callejón sin salida
pictionary,pictionary_C052,yellow,,5,red,puy_du_fou,"Puy du Fou",100,Puy du Fou,Puy du Fou

pictionary,pictionary_C053,yellow,,1,yellow,coupe_du_monde,"Coupe du monde",100,World Cup,Copa del Mundo
pictionary,pictionary_C053,yellow,,2,blue,stade_de_concert,"Stade de concert",100,Concert stadium,Estadio de conciertos
pictionary,pictionary_C053,yellow,,3,orange,applaudir,"Applaudir",100,Clap,Aplaudir
pictionary,pictionary_C053,yellow,,4,green,faire_du_sport,"Faire du sport",100,Do sports,Hacer deporte
pictionary,pictionary_C053,yellow,,5,red,les_jo,"Les JO",100,Olympic Games,Juegos Olímpicos

pictionary,pictionary_C054,yellow,,1,yellow,salon_de_coiffure,"Salon de coiffure",100,Hair salon,Peluquería
pictionary,pictionary_C054,yellow,,2,blue,coiffeur,"Coiffeur",100,Hairdresser,Peluquero
pictionary,pictionary_C054,yellow,,3,orange,couper,"Couper",100,Cut,Cortar
pictionary,pictionary_C054,yellow,,4,green,changement_radical,"Changement radical",100,Radical change,Cambio radical
pictionary,pictionary_C054,yellow,,5,red,renaissance,"Renaissance",100,Renaissance,Renaissance

pictionary,pictionary_C055,yellow,,1,yellow,marchand,"Marchand",100,Merchant,Comerciante
pictionary,pictionary_C055,yellow,,2,blue,horloge,"Horloge",100,Clock,Reloj
pictionary,pictionary_C055,yellow,,3,orange,regler,"Régler",100,Adjust,Ajustar
pictionary,pictionary_C055,yellow,,4,green,prendre_le_temps,"Prendre le temps",100,Take time,Tomarse el tiempo
pictionary,pictionary_C055,yellow,,5,red,adonis,"Adonis",100,Adonis,Adonis

pictionary,pictionary_C056,yellow,,1,yellow,achat,"Achat",100,Purchase,Compra
pictionary,pictionary_C056,yellow,,2,blue,loup,"Loup",100,Wolf,Lobo
pictionary,pictionary_C056,yellow,,3,orange,voler,"Voler",100,Fly,Volar
pictionary,pictionary_C056,yellow,,4,green,avoir_faim,"Avoir faim",100,Be hungry,Tener hambre
pictionary,pictionary_C056,yellow,,5,red,remy,"Rémy",100,Rémy,Rémy

pictionary,pictionary_C057,yellow,,1,yellow,cadeau,"Cadeau",100,Gift,Regalo
pictionary,pictionary_C057,yellow,,2,blue,renard,"Renard",100,Fox,Zorro
pictionary,pictionary_C057,yellow,,3,orange,offrir,"Offrir",100,Give as a gift,Regalar
pictionary,pictionary_C057,yellow,,4,green,faire_plaisir,"Faire plaisir",100,Make happy,Dar gusto
pictionary,pictionary_C057,yellow,,5,red,ratatouille,"Ratatouille",100,Ratatouille,Ratatouille

pictionary,pictionary_C058,yellow,,1,yellow,squeezer,"Squeezer",100,Juicer,Exprimidor
pictionary,pictionary_C058,yellow,,2,blue,banquise,"Banquise",100,Ice floe,Banquisa
pictionary,pictionary_C058,yellow,,3,orange,glisser,"Glisser",100,Slide,Resbalar
pictionary,pictionary_C058,yellow,,4,green,perdre_pied,"Perdre pied",100,Lose balance,Perder el equilibrio
pictionary,pictionary_C058,yellow,,5,red,antarctique,"Antarctique",100,Antarctica,Antártida

pictionary,pictionary_C059,yellow,,1,yellow,tarot,"Tarot",100,Tarot,Tarot
pictionary,pictionary_C059,yellow,,2,blue,voie_lactee,"Voie lactée",100,Milky Way,Vía Láctea
pictionary,pictionary_C059,yellow,,3,orange,chanter,"Chanter",100,Sing,Cantar
pictionary,pictionary_C059,yellow,,4,green,avoir_la_tete_dans_les_etoiles,"Avoir la tête dans les étoiles",100,Daydream,Tener la cabeza en las nubes
pictionary,pictionary_C059,yellow,,5,red,carte_du_ciel,"Carte du ciel",100,Star map,Carta celeste

pictionary,pictionary_C060,yellow,,1,yellow,flipper,"Flipper",100,Pinball,Pinball
pictionary,pictionary_C060,yellow,,2,blue,sardine,"Sardine",100,Sardine,Sardina
pictionary,pictionary_C060,yellow,,3,orange,gratter,"Gratter",100,Scratch,Rascar
pictionary,pictionary_C060,yellow,,4,green,etre_aux_anges,"Être aux anges",100,Be delighted,Estar en el cielo
pictionary,pictionary_C060,yellow,,5,red,yoda,"Yoda",100,Yoda,Yoda

pictionary,pictionary_C061,yellow,,1,yellow,arrete_a_chat,"Arrête-à-chat",100,Anti-climb spike,Pincho antiescalada
pictionary,pictionary_C061,yellow,,2,blue,londres,"Londres",100,London,Londres
pictionary,pictionary_C061,yellow,,3,orange,voler,"Voler",100,Fly,Volar
pictionary,pictionary_C061,yellow,,4,green,gosper,"Gosper",100,Gosper,Gosper
pictionary,pictionary_C061,yellow,,5,red,instagram,"Instagram",100,Instagram,Instagram

pictionary,pictionary_C062,yellow,,1,yellow,escalator,"Escalator",100,Escalator,Escalera mecánica
pictionary,pictionary_C062,yellow,,2,blue,bresil,"Brésil",100,Brazil,Brasil
pictionary,pictionary_C062,yellow,,3,orange,tomber,"Tomber",100,Fall,Caer
pictionary,pictionary_C062,yellow,,4,green,guacamole,"Guacamole",100,Guacamole,Guacamole
pictionary,pictionary_C062,yellow,,5,red,cirque_du_soleil,"Cirque du Soleil",100,Cirque du Soleil,Cirque du Soleil

pictionary,pictionary_C063,yellow,,1,yellow,poignee_de_porte,"Poignée de porte",100,Door handle,Manilla de puerta
pictionary,pictionary_C063,yellow,,2,blue,sagrada_familia,"Sagrada Família",100,Sagrada Família,Sagrada Família
pictionary,pictionary_C063,yellow,,3,orange,soulever,"Soulever",100,Lift,Levantar
pictionary,pictionary_C063,yellow,,4,green,place_de_parking,"Place de parking",100,Parking space,Plaza de aparcamiento
pictionary,pictionary_C063,yellow,,5,red,aladin,"Aladin",100,Aladin,Aladin

pictionary,pictionary_C064,yellow,,1,yellow,lettres,"Lettres",100,Letters,Letras
pictionary,pictionary_C064,yellow,,2,blue,espion,"Espion",100,Spy,Espía
pictionary,pictionary_C064,yellow,,3,orange,frapper,"Frapper",100,Hit,Golpear
pictionary,pictionary_C064,yellow,,4,green,oeil_au_beurre_noir,"Œil au beurre noir",100,Black eye,Ojo morado
pictionary,pictionary_C064,yellow,,5,red,guerre_froide,"Guerre froide",100,Cold War,Guerra Fría

pictionary,pictionary_C065,yellow,,1,yellow,cuillere,"Cuillère",100,Spoon,Cuchara
pictionary,pictionary_C065,yellow,,2,blue,la_tour_de_pise,"La tour de Pise",100,Leaning Tower of Pisa,Torre de Pisa
pictionary,pictionary_C065,yellow,,3,orange,tourner_autour_du_pot,"Tourner autour du pot",100,Avoid the point,Andarse por las ramas
pictionary,pictionary_C065,yellow,,4,green,droit_au_but,"Droit au but",100,Straight to the point,Ir al grano
pictionary,pictionary_C065,yellow,,5,red,potion_magique,"Potion magique",100,Magic potion,Poción mágica

pictionary,pictionary_C066,yellow,,1,yellow,tambour,"Tambour",100,Drum,Tambor
pictionary,pictionary_C066,yellow,,2,blue,marin,"Marin",100,Sailor,Marinero
pictionary,pictionary_C066,yellow,,3,orange,dessiner,"Dessiner",100,Draw,Dibujar
pictionary,pictionary_C066,yellow,,4,green,fuseau_horaire,"Fuseau horaire",100,Time zone,Huso horario
pictionary,pictionary_C066,yellow,,5,red,les_mille_et_une_nuits,"Les Mille et Une Nuits",100,Les Mille et Une Nuits,Les Mille et Une Nuits

pictionary,pictionary_C067,yellow,,1,yellow,cafe,"Café",100,Coffee,Café
pictionary,pictionary_C067,yellow,,2,blue,hibou,"Hibou",100,Owl,Búho
pictionary,pictionary_C067,yellow,,3,orange,hanter,"Hanter",100,Haunt,Atormentar
pictionary,pictionary_C067,yellow,,4,green,stationnement_interdit,"Stationnement interdit",100,No parking,Prohibido estacionar
pictionary,pictionary_C067,yellow,,5,red,lac_des_cygnes,"Lac des cygnes",100,Lac des cygnes,Lac des cygnes

pictionary,pictionary_C068,yellow,,1,yellow,bouteille,"Bouteille",100,Bottle,Botella
pictionary,pictionary_C068,yellow,,2,blue,requin,"Requin",100,Shark,Tiburón
pictionary,pictionary_C068,yellow,,3,orange,casser,"Casser",100,Break,Romper
pictionary,pictionary_C068,yellow,,4,green,se_faire_des_muscles,"Se faire des muscles",100,Build muscles,Hacer músculo
pictionary,pictionary_C068,yellow,,5,red,princesse_diana,"Princesse Diana",100,Princesse Diana,Princesse Diana

pictionary,pictionary_C069,yellow,,1,yellow,portefeuille,"Portefeuille",100,Wallet,Cartera
pictionary,pictionary_C069,yellow,,2,blue,opera,"Opéra",100,Opera,Ópera
pictionary,pictionary_C069,yellow,,3,orange,s_evader,"S’évader",100,Escape,Escapar
pictionary,pictionary_C069,yellow,,4,green,avoir_un_haut_le_coeur,"Avoir un haut-le-cœur",100,Feel nauseous,Sentir náuseas
pictionary,pictionary_C069,yellow,,5,red,koh_lanta,"Koh-Lanta",100,Koh-Lanta,Koh-Lanta

pictionary,pictionary_C070,yellow,,1,yellow,hotel,"Hôtel",100,Hotel,Hotel
pictionary,pictionary_C070,yellow,,2,blue,elysee,"Élysée",100,Élysée Palace,Palacio del Elíseo
pictionary,pictionary_C070,yellow,,3,orange,mesurer,"Mesurer",100,Measure,Medir
pictionary,pictionary_C070,yellow,,4,green,devenir_dingue,"Devenir dingue",100,Go crazy,Volverse loco
pictionary,pictionary_C070,yellow,,5,red,la_bourse,"La Bourse",100,Stock market,Bolsa

pictionary,pictionary_C071,yellow,,1,yellow,porte,"Porte",100,Door,Puerta
pictionary,pictionary_C071,yellow,,2,blue,poney,"Poney",100,Pony,Poni
pictionary,pictionary_C071,yellow,,3,orange,frotter,"Frotter",100,Rub,Frotar
pictionary,pictionary_C071,yellow,,4,green,avoir_le_mal_de_mer,"Avoir le mal de mer",100,Seasick,Mareo
pictionary,pictionary_C071,yellow,,5,red,beaujolais_nouveau,"Beaujolais nouveau",100,Beaujolais nouveau,Beaujolais nouveau

pictionary,pictionary_C072,yellow,,1,yellow,taxi,"Taxi",100,Taxi,Taxi
pictionary,pictionary_C072,yellow,,2,blue,couturier,"Couturier",100,Fashion designer,Diseñador de moda
pictionary,pictionary_C072,yellow,,3,orange,melanger,"Mélanger",100,Mix,Mezclar
pictionary,pictionary_C072,yellow,,4,green,retourner_sa_veste,"Retourner sa veste",100,Change sides,Cambiar de bando
pictionary,pictionary_C072,yellow,,5,red,dora_l_exploratrice,"Dora l'exploratrice",100,Dora the Explorer,Dora la Exploradora

pictionary,pictionary_C073,yellow,,1,yellow,carrousel,"Carrousel",100,Carousel,Carrusel
pictionary,pictionary_C073,yellow,,2,blue,port,"Port",100,Harbor,Puerto
pictionary,pictionary_C073,yellow,,3,orange,tirer_sur_une_corde,"Tirer sur une corde",100,Pull a rope,Tirar de una cuerda
pictionary,pictionary_C073,yellow,,4,green,il_pleut_des_cordes,"Il pleut des cordes",100,Heavy rain,Lluvia fuerte
pictionary,pictionary_C073,yellow,,5,red,croix_rouge,"Croix-Rouge",100,Red Cross,Cruz Roja

pictionary,pictionary_C074,yellow,,1,yellow,fontaine,"Fontaine",100,Fountain,Fuente
pictionary,pictionary_C074,yellow,,2,blue,presentateur,"Présentateur",100,TV host,Presentador
pictionary,pictionary_C074,yellow,,3,orange,enlacer_quelquun,"Enlacer quelqu'un",100,Hug someone,Abrazar a alguien
pictionary,pictionary_C074,yellow,,4,green,grippe_aviaire,"Grippe aviaire",100,Bird flu,Gripe aviar
pictionary,pictionary_C074,yellow,,5,red,omar_sy,"Omar Sy",100,Omar Sy,Omar Sy

pictionary,pictionary_C075,yellow,,1,yellow,coquetier,"Coquetier",100,Egg cup,Huevera
pictionary,pictionary_C075,yellow,,2,blue,majordome,"Majordome",100,Butler,Mayordomo
pictionary,pictionary_C075,yellow,,3,orange,partager,"Partager",100,Share,Compartir
pictionary,pictionary_C075,yellow,,4,green,faire_un_voeu,"Faire un vœu",100,Make a wish,Pedir un deseo
pictionary,pictionary_C075,yellow,,5,red,hollywood,"Hollywood",100,Hollywood,Hollywood

pictionary,pictionary_C076,yellow,,1,yellow,trophee,"Trophée",100,Trophy,Trofeo
pictionary,pictionary_C076,yellow,,2,blue,grand_canyon,"Grand Canyon",100,Grand Canyon,Gran Cañón
pictionary,pictionary_C076,yellow,,3,orange,tourner,"Tourner",100,Turn,Girar
pictionary,pictionary_C076,yellow,,4,green,maree_haute,"Marée haute",100,High tide,Marea alta
pictionary,pictionary_C076,yellow,,5,red,moliere,"Molière",100,Molière,Molière

pictionary,pictionary_C077,yellow,,1,yellow,fleuret,"Fleuret",100,Foil sword,Florete
pictionary,pictionary_C077,yellow,,2,blue,berger,"Berger",100,Shepherd,Pastor
pictionary,pictionary_C077,yellow,,3,orange,expirer,"Expirer",100,Exhale,Exhalar
pictionary,pictionary_C077,yellow,,4,green,arnaque,"Arnaque",100,Scam,Estafa
pictionary,pictionary_C077,yellow,,5,red,karaoke,"Karaoké",100,Karaoke,Karaoke

pictionary,pictionary_C078,yellow,,1,yellow,cheminee,"Cheminée",100,Fireplace,Chimenea
pictionary,pictionary_C078,yellow,,2,blue,paris,"Paris",100,Paris,París
pictionary,pictionary_C078,yellow,,3,orange,fondre,"Fondre",100,Melt,Derretirse
pictionary,pictionary_C078,yellow,,4,green,depasser_les_bornes,"Dépasser les bornes",100,Go too far,Pasarse de la raya
pictionary,pictionary_C078,yellow,,5,red,alfred_hitchcock,"Alfred Hitchcock",100,Alfred Hitchcock,Alfred Hitchcock

pictionary,pictionary_C079,yellow,,1,yellow,epingle,"Épingle",100,Pin,Alfiler
pictionary,pictionary_C079,yellow,,2,blue,dentiste,"Dentiste",100,Dentist,Dentista
pictionary,pictionary_C079,yellow,,3,orange,percer,"Percer",100,Pierce,Perforar
pictionary,pictionary_C079,yellow,,4,green,avoir_les_nerfs,"Avoir les nerfs",100,Be angry,Estar nervioso
pictionary,pictionary_C079,yellow,,5,red,festival_de_cannes,"Festival de Cannes",100,Festival de Cannes,Festival de Cannes

pictionary,pictionary_C080,yellow,,1,yellow,entonnoir,"Entonnoir",100,Funnel,Embudo
pictionary,pictionary_C080,yellow,,2,blue,hibou,"Hibou",100,Owl,Búho
pictionary,pictionary_C080,yellow,,3,orange,observer,"Observer",100,Observe,Observar
pictionary,pictionary_C080,yellow,,4,green,avoir_l_oeil,"Avoir l’œil",100,Keep an eye,Estar atento
pictionary,pictionary_C080,yellow,,5,red,le_mont_saint_michel,"Le Mont-Saint-Michel",100,Le Mont-Saint-Michel,Le Mont-Saint-Michel

pictionary,pictionary_C081,yellow,,1,yellow,entonnoir_a_huile,"Entonnoir à huile",100,Oil funnel,Embudo de aceite
pictionary,pictionary_C081,yellow,,2,blue,aigle,"Aigle",100,Eagle,Águila
pictionary,pictionary_C081,yellow,,3,orange,voler,"Voler",100,Fly,Volar
pictionary,pictionary_C081,yellow,,4,green,prendre_de_la_hauteur,"Prendre de la hauteur",100,Gain height,Ganar altura
pictionary,pictionary_C081,yellow,,5,red,le_puy_du_fou,"Le Puy du Fou",100,Le Puy du Fou,Le Puy du Fou

pictionary,pictionary_C082,yellow,,1,yellow,corde,"Corde",100,Rope,Cuerda
pictionary,pictionary_C082,yellow,,2,blue,araignee,"Araignée",100,Spider,Araña
pictionary,pictionary_C082,yellow,,3,orange,escalader,"Escalader",100,Climb,Escalar
pictionary,pictionary_C082,yellow,,4,green,s_accrocher,"S'accrocher",100,Hang on,Agarrarse
pictionary,pictionary_C082,yellow,,5,red,la_defense,"La Défense",100,La Défense,La Défense

pictionary,pictionary_C083,yellow,,1,yellow,entonnoir_de_cuisine,"Entonnoir de cuisine",100,Kitchen funnel,Embudo de cocina
pictionary,pictionary_C083,yellow,,2,blue,tortue,"Tortue",100,Turtle,Tortuga
pictionary,pictionary_C083,yellow,,3,orange,avancer,"Avancer",100,Move forward,Avanzar
pictionary,pictionary_C083,yellow,,4,green,prendre_son_temps,"Prendre son temps",100,Take your time,Tomarse su tiempo
pictionary,pictionary_C083,yellow,,5,red,le_marais,"Le Marais",100,Le Marais,Le Marais

pictionary,pictionary_C084,yellow,,1,yellow,cle,"Clé",100,Key,Llave
pictionary,pictionary_C084,yellow,,2,blue,poisson,"Poisson",100,Fish,Pez
pictionary,pictionary_C084,yellow,,3,orange,plonger,"Plonger",100,Dive,Bucear
pictionary,pictionary_C084,yellow,,4,green,se_noircir,"Se noircir",100,Turn black,Oscurecerse
pictionary,pictionary_C084,yellow,,5,red,arc_de_triomphe,"Arc de Triomphe",100,Arc de Triomphe,Arc de Triomphe

pictionary,pictionary_C085,yellow,,1,yellow,echelle,"Échelle",100,Ladder,Escalera
pictionary,pictionary_C085,yellow,,2,blue,chameau,"Chameau",100,Camel,Camello
pictionary,pictionary_C085,yellow,,3,orange,grimper,"Grimper",100,Climb,Trepar
pictionary,pictionary_C085,yellow,,4,green,perdre_la_face,"Perdre la face",100,Lose face,Perder la cara
pictionary,pictionary_C085,yellow,,5,red,les_champs_elysees,"Les Champs-Élysées",100,Les Champs-Élysées,Les Champs-Élysées

pictionary,pictionary_C086,yellow,,1,yellow,coffre,"Coffre",100,Chest,Cofre
pictionary,pictionary_C086,yellow,,2,blue,papillon,"Papillon",100,Butterfly,Mariposa
pictionary,pictionary_C086,yellow,,3,orange,attraper,"Attraper",100,Catch,Atrapar
pictionary,pictionary_C086,yellow,,4,green,prendre_son_envol,"Prendre son envol",100,Take flight,Alzar el vuelo
pictionary,pictionary_C086,yellow,,5,red,le_pont_neuf,"Le Pont-Neuf",100,Le Pont-Neuf,Le Pont-Neuf

pictionary,pictionary_C087,yellow,,1,yellow,lampe,"Lampe",100,Lamp,Lámpara
pictionary,pictionary_C087,yellow,,2,blue,ours,"Ours",100,Bear,Oso
pictionary,pictionary_C087,yellow,,3,orange,allumer,"Allumer",100,Turn on,Encender
pictionary,pictionary_C087,yellow,,4,green,voir_la_lumiere,"Voir la lumière",100,See the light,Ver la luz
pictionary,pictionary_C087,yellow,,5,red,le_mont_blanc,"Le Mont-Blanc",100,Le Mont-Blanc,Le Mont-Blanc

pictionary,pictionary_C088,yellow,,1,yellow,tiroir,"Tiroir",100,Drawer,Cajón
pictionary,pictionary_C088,yellow,,2,blue,serpent,"Serpent",100,Snake,Serpiente
pictionary,pictionary_C088,yellow,,3,orange,ramper,"Ramper",100,Crawl,Reptar
pictionary,pictionary_C088,yellow,,4,green,avoir_la_peau_dure,"Avoir la peau dure",100,Be tough,Ser duro
pictionary,pictionary_C088,yellow,,5,red,le_futuroscope,"Le Futuroscope",100,Le Futuroscope,Le Futuroscope

pictionary,pictionary_C089,yellow,,1,yellow,entonnoir,"Entonnoir",100,Funnel,Embudo
pictionary,pictionary_C089,yellow,,2,blue,hibou,"Hibou",100,Owl,Búho
pictionary,pictionary_C089,yellow,,3,orange,observer,"Observer",100,Observe,Observar
pictionary,pictionary_C089,yellow,,4,green,avoir_l_oeil,"Avoir l’œil",100,Keep an eye,Estar atento
pictionary,pictionary_C089,yellow,,5,red,le_mont_saint_michel,"Le Mont-Saint-Michel",100,Le Mont-Saint-Michel,Le Mont-Saint-Michel

pictionary,pictionary_C090,yellow,,1,yellow,entonnoir_a_huile,"Entonnoir à huile",100,Oil funnel,Embudo de aceite
pictionary,pictionary_C090,yellow,,2,blue,aigle,"Aigle",100,Eagle,Águila
pictionary,pictionary_C090,yellow,,3,orange,voler,"Voler",100,Fly,Volar
pictionary,pictionary_C090,yellow,,4,green,prendre_de_la_hauteur,"Prendre de la hauteur",100,Gain height,Ganar altura
pictionary,pictionary_C090,yellow,,5,red,le_puy_du_fou,"Le Puy du Fou",100,Le Puy du Fou,Le Puy du Fou

pictionary,pictionary_C091,yellow,,1,yellow,corde,"Corde",100,Rope,Cuerda
pictionary,pictionary_C091,yellow,,2,blue,araignee,"Araignée",100,Spider,Araña
pictionary,pictionary_C091,yellow,,3,orange,escalader,"Escalader",100,Climb,Escalar
pictionary,pictionary_C091,yellow,,4,green,s_accrocher,"S'accrocher",100,Hang on,Agarrarse
pictionary,pictionary_C091,yellow,,5,red,la_defense,"La Défense",100,La Défense,La Défense

pictionary,pictionary_C092,yellow,,1,yellow,entonnoir_de_cuisine,"Entonnoir de cuisine",100,Kitchen funnel,Embudo de cocina
pictionary,pictionary_C092,yellow,,2,blue,tortue,"Tortue",100,Turtle,Tortuga
pictionary,pictionary_C092,yellow,,3,orange,avancer,"Avancer",100,Move forward,Avanzar
pictionary,pictionary_C092,yellow,,4,green,prendre_son_temps,"Prendre son temps",100,Take your time,Tomarse su tiempo
pictionary,pictionary_C092,yellow,,5,red,le_marais,"Le Marais",100,Le Marais,Le Marais

pictionary,pictionary_C093,yellow,,1,yellow,cle,"Clé",100,Key,Llave
pictionary,pictionary_C093,yellow,,2,blue,poisson,"Poisson",100,Fish,Pez
pictionary,pictionary_C093,yellow,,3,orange,plonger,"Plonger",100,Dive,Bucear
pictionary,pictionary_C093,yellow,,4,green,se_noircir,"Se noircir",100,Turn black,Oscurecerse
pictionary,pictionary_C093,yellow,,5,red,arc_de_triomphe,"Arc de Triomphe",100,Arc de Triomphe,Arc de Triomphe

pictionary,pictionary_C094,yellow,,1,yellow,echelle,"Échelle",100,Ladder,Escalera
pictionary,pictionary_C094,yellow,,2,blue,chameau,"Chameau",100,Camel,Camello
pictionary,pictionary_C094,yellow,,3,orange,grimper,"Grimper",100,Climb,Trepar
pictionary,pictionary_C094,yellow,,4,green,perdre_la_face,"Perdre la face",100,Lose face,Perder la cara
pictionary,pictionary_C094,yellow,,5,red,les_champs_elysees,"Les Champs-Élysées",100,Les Champs-Élysées,Les Champs-Élysées

pictionary,pictionary_C095,yellow,,1,yellow,coffre,"Coffre",100,Chest,Cofre
pictionary,pictionary_C095,yellow,,2,blue,papillon,"Papillon",100,Butterfly,Mariposa
pictionary,pictionary_C095,yellow,,3,orange,attraper,"Attraper",100,Catch,Atrapar
pictionary,pictionary_C095,yellow,,4,green,prendre_son_envol,"Prendre son envol",100,Take flight,Alzar el vuelo
pictionary,pictionary_C095,yellow,,5,red,le_pont_neuf,"Le Pont-Neuf",100,Le Pont-Neuf,Le Pont-Neuf

pictionary,pictionary_C096,yellow,,1,yellow,lampe,"Lampe",100,Lamp,Lámpara
pictionary,pictionary_C096,yellow,,2,blue,ours,"Ours",100,Bear,Oso
pictionary,pictionary_C096,yellow,,3,orange,allumer,"Allumer",100,Turn on,Encender
pictionary,pictionary_C096,yellow,,4,green,voir_la_lumiere,"Voir la lumière",100,See the light,Ver la luz
pictionary,pictionary_C096,yellow,,5,red,le_mont_blanc,"Le Mont-Blanc",100,Le Mont-Blanc,Le Mont-Blanc

pictionary,pictionary_C097,blue,,1,orange,cometes,"Comètes",100,Comets,Cometas
pictionary,pictionary_C097,blue,,2,blue,ete,"Été",100,Summer,Verano
pictionary,pictionary_C097,blue,,3,orange,serpentins,"Serpentins",100,Streamers,Serpentinas
pictionary,pictionary_C097,blue,,4,green,fete,"Fête",100,Party,Fiesta
pictionary,pictionary_C097,blue,,5,red,confettis,"Confettis",100,Confetti,Confeti

pictionary,pictionary_C098,blue,,1,orange,police,"Police",100,Police,Policía
pictionary,pictionary_C098,blue,,2,blue,bronze,"Bronze",100,Bronze,Bronce
pictionary,pictionary_C098,blue,,3,orange,lunettes_de_soleil,"Lunettes de soleil",100,Sunglasses,Gafas de sol
pictionary,pictionary_C098,blue,,4,green,ventilateur,"Ventilateur",100,Fan,Ventilador
pictionary,pictionary_C098,blue,,5,red,transat,"Transat",100,Deck chair,Tumbona

pictionary,pictionary_C099,blue,,1,orange,horloge,"Horloge",100,Clock,Reloj
pictionary,pictionary_C099,blue,,2,blue,hôpital,"Hôpital",100,Hospital,Hospital
pictionary,pictionary_C099,blue,,3,orange,feuille,"Feuille",100,Leaf,Hoja
pictionary,pictionary_C099,blue,,4,green,respirer,"Respirer",100,Breathe,Respirar
pictionary,pictionary_C099,blue,,5,red,oxygene,"Oxygène",100,Oxygen,Oxígeno

pictionary,pictionary_C100,blue,,1,orange,chronometre,"Chronomètre",100,Stopwatch,Cronómetro
pictionary,pictionary_C100,blue,,2,blue,vendre,"Vendre",100,Sell,Vender
pictionary,pictionary_C100,blue,,3,orange,caissiere,"Caissière",100,Cashier,Cajera
pictionary,pictionary_C100,blue,,4,green,acheter,"Acheter",100,Buy,Comprar
pictionary,pictionary_C100,blue,,5,red,client,"Client",100,Customer,Cliente

pictionary,pictionary_C101,blue,,1,orange,coffre,"Coffre",100,Safe,Caja fuerte
pictionary,pictionary_C101,blue,,2,blue,banque,"Banque",100,Bank,Banco
pictionary,pictionary_C101,blue,,3,orange,argent,"Argent",100,Money,Dinero
pictionary,pictionary_C101,blue,,4,green,pret,"Prêt",100,Loan,Préstamo
pictionary,pictionary_C101,blue,,5,red,interet,"Intérêt",100,Interest,Interés

pictionary,pictionary_C102,blue,,1,orange,bricolage,"Bricolage",100,DIY,Bricolaje
pictionary,pictionary_C102,blue,,2,blue,outils,"Outils",100,Tools,Herramientas
pictionary,pictionary_C102,blue,,3,orange,vis,"Vis",100,Screw,Tornillo
pictionary,pictionary_C102,blue,,4,green,clou,"Clou",100,Nail,Clavo
pictionary,pictionary_C102,blue,,5,red,marteau,"Marteau",100,Hammer,Martillo

pictionary,pictionary_C103,blue,,1,orange,appareil_photo,"Appareil photo",100,Camera,Cámara
pictionary,pictionary_C103,blue,,2,blue,hippopotame,"Hippopotame",100,Hippopotamus,Hipopótamo
pictionary,pictionary_C103,blue,,3,orange,safari,"Safari",100,Safari,Safari
pictionary,pictionary_C103,blue,,4,green,zoo,"Zoo",100,Zoo,Zoológico
pictionary,pictionary_C103,blue,,5,red,animaux,"Animaux",100,Animals,Animales

pictionary,pictionary_C104,blue,,1,orange,hotel,"Hôtel",100,Hotel,Hotel
pictionary,pictionary_C104,blue,,2,blue,genou,"Genou",100,Knee,Rodilla
pictionary,pictionary_C104,blue,,3,orange,marcher,"Marcher",100,Walk,Caminar
pictionary,pictionary_C104,blue,,4,green,se_reposer,"Se reposer",100,Rest,Descansar
pictionary,pictionary_C104,blue,,5,red,vacances,"Vacances",100,Vacation,Vacaciones

pictionary,pictionary_C105,blue,,1,orange,sport,"Sport",100,Sport,Deporte
pictionary,pictionary_C105,blue,,2,blue,athlete,"Athlète",100,Athlete,Atleta
pictionary,pictionary_C105,blue,,3,orange,courir,"Courir",100,Run,Correr
pictionary,pictionary_C105,blue,,4,green,effort,"Effort",100,Effort,Esfuerzo
pictionary,pictionary_C105,blue,,5,red,medaille,"Médaille",100,Medal,Medalla

pictionary,pictionary_C106,blue,,1,orange,tribunal,"Tribunal",100,Court,Tribunal
pictionary,pictionary_C106,blue,,2,blue,juge,"Juge",100,Judge,Juez
pictionary,pictionary_C106,blue,,3,orange,avocat,"Avocat",100,Lawyer,Abogado
pictionary,pictionary_C106,blue,,4,green,proces,"Procès",100,Trial,Juicio
pictionary,pictionary_C106,blue,,5,red,justice,"Justice",100,Justice,Justicia

pictionary,pictionary_C107,blue,,1,orange,pique_nique,"Pique-nique",100,Picnic,Picnic
pictionary,pictionary_C107,blue,,2,blue,parc,"Parc",100,Park,Parque
pictionary,pictionary_C107,blue,,3,orange,dejeuner,"Déjeuner",100,Lunch,Almuerzo
pictionary,pictionary_C107,blue,,4,green,se_detendre,"Se détendre",100,Relax,Relajarse
pictionary,pictionary_C107,blue,,5,red,printemps,"Printemps",100,Spring,Primavera

pictionary,pictionary_C108,blue,,1,orange,balai,"Balai",100,Broom,Escoba
pictionary,pictionary_C108,blue,,2,blue,menage,"Ménage",100,Housework,Quehaceres
pictionary,pictionary_C108,blue,,3,orange,nettoyer,"Nettoyer",100,Clean,Limpiar
pictionary,pictionary_C108,blue,,4,green,faire_place_nette,"Faire place nette",100,Clear out,Hacer limpieza
pictionary,pictionary_C108,blue,,5,red,proprete,"Propreté",100,Cleanliness,Limpieza

pictionary,pictionary_C109,blue,,1,orange,ascenseur,"Ascenseur",100,Elevator,Ascensor
pictionary,pictionary_C109,blue,,2,blue,immeuble,"Immeuble",100,Building,Edificio
pictionary,pictionary_C109,blue,,3,orange,monter,"Monter",100,Go up,Subir
pictionary,pictionary_C109,blue,,4,green,prendre_de_la_hauteur,"Prendre de la hauteur",100,Rise higher,Ganar altura
pictionary,pictionary_C109,blue,,5,red,etages,"Étages",100,Floors,Pisos

pictionary,pictionary_C110,blue,,1,orange,poignee_de_porte,"Poignée de porte",100,Door handle,Manilla de puerta
pictionary,pictionary_C110,blue,,2,blue,maison,"Maison",100,House,Casa
pictionary,pictionary_C110,blue,,3,orange,ouvrir,"Ouvrir",100,Open,Abrir
pictionary,pictionary_C110,blue,,4,green,entrer_chez_soi,"Entrer chez soi",100,Come home,Entrar en casa
pictionary,pictionary_C110,blue,,5,red,domicile,"Domicile",100,Home,Hogar

pictionary,pictionary_C111,blue,,1,orange,flipper,"Flipper",100,Pinball,Pinball
pictionary,pictionary_C111,blue,,2,blue,sardine,"Sardine",100,Sardine,Sardina
pictionary,pictionary_C111,blue,,3,orange,gratter,"Gratter",100,Scratch,Rascar
pictionary,pictionary_C111,blue,,4,green,etre_aux_anges,"Être aux anges",100,Be delighted,Estar en el cielo
pictionary,pictionary_C111,blue,,5,red,yoda,"Yoda",100,Yoda,Yoda

pictionary,pictionary_C112,blue,,1,orange,arrete_a_chat,"Arrêt à chat",100,Anti-climb spike,Pincho antiescalada
pictionary,pictionary_C112,blue,,2,blue,londres,"Londres",100,London,Londres
pictionary,pictionary_C112,blue,,3,orange,voler,"Voler",100,Fly,Volar
pictionary,pictionary_C112,blue,,4,green,faire_le_tour,"Faire le tour",100,Go around,Dar la vuelta
pictionary,pictionary_C112,blue,,5,red,instagram,"Instagram",100,Instagram,Instagram

pictionary,pictionary_C113,blue,,1,orange,escalator,"Escalator",100,Escalator,Escalera mecánica
pictionary,pictionary_C113,blue,,2,blue,bresil,"Brésil",100,Brazil,Brasil
pictionary,pictionary_C113,blue,,3,orange,tomber,"Tomber",100,Fall,Caer
pictionary,pictionary_C113,blue,,4,green,guacamole,"Guacamole",100,Guacamole,Guacamole
pictionary,pictionary_C113,blue,,5,red,cirque_du_soleil,"Cirque du Soleil",100,Cirque du Soleil,Cirque du Soleil

pictionary,pictionary_C114,blue,,1,orange,poignee_de_porte,"Poignée de porte",100,Door handle,Manilla de puerta
pictionary,pictionary_C114,blue,,2,blue,sagrada_familia,"Sagrada Família",100,Sagrada Família,Sagrada Família
pictionary,pictionary_C114,blue,,3,orange,soulever,"Soulever",100,Lift,Levantar
pictionary,pictionary_C114,blue,,4,green,place_de_parking,"Place de parking",100,Parking space,Plaza de aparcamiento
pictionary,pictionary_C114,blue,,5,red,aladin,"Aladin",100,Aladin,Aladin

pictionary,pictionary_C115,blue,,1,orange,piscine,"Piscine",100,Swimming pool,Piscina
pictionary,pictionary_C115,blue,,2,blue,etudiant,"Étudiant",100,Student,Estudiante
pictionary,pictionary_C115,blue,,3,orange,plucher,"Plucher",100,Peel,Pelar
pictionary,pictionary_C115,blue,,4,green,etre_vivant,"Être vivant",100,Living being,Ser vivo
pictionary,pictionary_C115,blue,,5,red,coco_chanel,"Coco Chanel",100,Coco Chanel,Coco Chanel

pictionary,pictionary_C116,blue,,1,orange,tablier,"Tablier",100,Apron,Delantal
pictionary,pictionary_C116,blue,,2,blue,cobra,"Cobra",100,Cobra,Cobra
pictionary,pictionary_C116,blue,,3,orange,rebondir,"Rebondir",100,Bounce,Rebotar
pictionary,pictionary_C116,blue,,4,green,faire_un_creneau,"Faire un créneau",100,Parallel park,Aparcar en batería
pictionary,pictionary_C116,blue,,5,red,haka,"Haka",100,Haka,Haka

pictionary,pictionary_C117,blue,,1,orange,jacuzzi,"Jacuzzi",100,Jacuzzi,Jacuzzi
pictionary,pictionary_C117,blue,,2,blue,creche,"Crèche",100,Daycare,Guardería
pictionary,pictionary_C117,blue,,3,orange,se_mettre_a_genoux,"Se mettre à genoux",100,Kneel down,Arrodillarse
pictionary,pictionary_C117,blue,,4,green,moutarde,"Moutarde",100,Mustard,Mostaza
pictionary,pictionary_C117,blue,,5,red,co_voiturage,"Co-voiturage",100,Carpooling,Coche compartido

pictionary,pictionary_C118,blue,,1,orange,cadenas,"Cadenas",100,Padlock,Candado
pictionary,pictionary_C118,blue,,2,blue,pont_levis,"Pont-levis",100,Drawbridge,Ponte levadizo
pictionary,pictionary_C118,blue,,3,orange,retracer,"Retracer",100,Trace again,Rehacer el trazado
pictionary,pictionary_C118,blue,,4,green,haut_de_gamme,"Haut de gamme",100,High-end,Alta gama
pictionary,pictionary_C118,blue,,5,red,futuroscope,"Futuroscope",100,Futuroscope,Futuroscope

pictionary,pictionary_C119,blue,,1,orange,barriere,"Barrière",100,Barrier,Barrera
pictionary,pictionary_C119,blue,,2,blue,leopard,"Léopard",100,Leopard,Leopardo
pictionary,pictionary_C119,blue,,3,orange,frissonner,"Frissonner",100,Shiver,Temblar
pictionary,pictionary_C119,blue,,4,green,marathon,"Marathon",100,Marathon,Maratón
pictionary,pictionary_C119,blue,,5,red,speed_dating,"Speed dating",100,Speed dating,Speed dating

pictionary,pictionary_C120,blue,,1,orange,four_de_camping,"Four de camping",100,Camping oven,Horno de camping
pictionary,pictionary_C120,blue,,2,blue,paon,"Paon",100,Peacock,Pavo real
pictionary,pictionary_C120,blue,,3,orange,plonger,"Plonger",100,Dive,Bucear
pictionary,pictionary_C120,blue,,4,green,chanter_faux,"Chanter faux",100,Sing off-key,Cantar mal
pictionary,pictionary_C120,blue,,5,red,steven_spielberg,"Steven Spielberg",100,Steven Spielberg,Steven Spielberg

pictionary,pictionary_C121,blue,,1,orange,caleche,"Calèche",100,Horse carriage,Calesa
pictionary,pictionary_C121,blue,,2,blue,agriculteur,"Agriculteur",100,Farmer,Agricultor
pictionary,pictionary_C121,blue,,3,orange,exploser,"Exploser",100,Explode,Explotar
pictionary,pictionary_C121,blue,,4,green,alveoles,"Alvéoles",100,Alveoli,Alvéolos
pictionary,pictionary_C121,blue,,5,red,chucky,"Chucky",100,Chucky,Chucky

pictionary,pictionary_C122,blue,,1,orange,feu_d_artifice,"Feu d’artifice",100,Fireworks,Fuegos artificiales
pictionary,pictionary_C122,blue,,2,blue,dentiste,"Dentiste",100,Dentist,Dentista
pictionary,pictionary_C122,blue,,3,orange,avaler,"Avaler",100,Swallow,Tragar
pictionary,pictionary_C122,blue,,4,green,cul_de_sac,"Cul-de-sac",100,Dead end,Callejón sin salida
pictionary,pictionary_C122,blue,,5,red,puy_du_fou,"Puy du Fou",100,Puy du Fou,Puy du Fou

pictionary,pictionary_C123,blue,,1,orange,lance_pierres,"Lance-pierres",100,Slingshot,Tirachinas
pictionary,pictionary_C123,blue,,2,blue,grande_muraille_de_chine,"Grande Muraille de Chine",100,Great Wall of China,Gran Muralla China
pictionary,pictionary_C123,blue,,3,orange,operer,"Opérer",100,Operate,Operar
pictionary,pictionary_C123,blue,,4,green,siege_ejectable,"Siège éjectable",100,Ejection seat,Asiento eyectable
pictionary,pictionary_C123,blue,,5,red,zlatan_ibrahimovic,"Zlatan Ibrahimović",100,Zlatan Ibrahimović,Zlatan Ibrahimović

pictionary,pictionary_C124,blue,,1,orange,mixer,"Mixer",100,Blender,Batidora
pictionary,pictionary_C124,blue,,2,blue,hippocampe,"Hippocampe",100,Seahorse,Caballito de mar
pictionary,pictionary_C124,blue,,3,orange,chatouiller,"Chatouiller",100,Tickle,Hacer cosquillas
pictionary,pictionary_C124,blue,,4,green,station_d_epuration,"Station d’épuration",100,Wastewater treatment plant,Planta depuradora
pictionary,pictionary_C124,blue,,5,red,baccalaureat,"Baccalauréat",100,Baccalaureate,Bachillerato

pictionary,pictionary_C125,blue,,1,orange,combinaison_de_ski,"Combinaison de ski",100,Ski suit,Traje de esquí
pictionary,pictionary_C125,blue,,2,blue,psychologue,"Psychologue",100,Psychologist,Psicólogo
pictionary,pictionary_C125,blue,,3,orange,boire,"Boire",100,Drink,Beber
pictionary,pictionary_C125,blue,,4,green,journal,"Journal",100,Newspaper,Periódico
pictionary,pictionary_C125,blue,,5,red,hip_hop,"Hip-hop",100,Hip-hop,Hip-hop

pictionary,pictionary_C126,blue,,1,orange,congelateur,"Congélateur",100,Freezer,Congelador
pictionary,pictionary_C126,blue,,2,blue,plage_d_autoroute,"Plage d’autoroute",100,Highway rest area,Área de descanso
pictionary,pictionary_C126,blue,,3,orange,rire,"Rire",100,Laugh,Reír
pictionary,pictionary_C126,blue,,4,green,etre_agre,"Être aigri",100,Be bitter,Estar amargado
pictionary,pictionary_C126,blue,,5,red,funiculaire,"Funiculaire",100,Funicular,Funicular

pictionary,pictionary_C127,blue,,1,orange,bouclier,"Bouclier",100,Shield,Escudo
pictionary,pictionary_C127,blue,,2,blue,reine,"Reine",100,Queen,Reina
pictionary,pictionary_C127,blue,,3,orange,se_muscler,"Se muscler",100,Build muscle,Muscularse
pictionary,pictionary_C127,blue,,4,green,vide,"Vide",100,Empty,Vacío
pictionary,pictionary_C127,blue,,5,red,photomaton,"Photomaton",100,Photo booth,Fotomatón

pictionary,pictionary_C128,blue,,1,orange,passeoire,"Passoire",100,Colander,Colador
pictionary,pictionary_C128,blue,,2,blue,architecte,"Architecte",100,Architect,Arquitecto
pictionary,pictionary_C128,blue,,3,orange,vaporiser,"Vaporiser",100,Spray,Rociar
pictionary,pictionary_C128,blue,,4,green,repousser,"Repousser",100,Push back,Rechazar
pictionary,pictionary_C128,blue,,5,red,la_danse_des_canards,"La danse des canards",100,The duck dance,La danza de los patos

pictionary,pictionary_C129,blue,,1,orange,cuillere,"Cuillère",100,Spoon,Cuchara
pictionary,pictionary_C129,blue,,2,blue,pelican,"Pélican",100,Pelican,Pelícano
pictionary,pictionary_C129,blue,,3,orange,repousser,"Repousser",100,Push away,Alejar
pictionary,pictionary_C129,blue,,4,green,catapulte,"Catapulte",100,Catapult,Catapulta
pictionary,pictionary_C129,blue,,5,red,pirate,"Pirate",100,Pirate,Pirata

pictionary,pictionary_C130,blue,,1,orange,calendrier,"Calendrier",100,Calendar,Calendario
pictionary,pictionary_C130,blue,,2,blue,panda,"Panda",100,Panda,Panda
pictionary,pictionary_C130,blue,,3,orange,poncer,"Poncer",100,Sand,Lijar
pictionary,pictionary_C130,blue,,4,green,cremation,"Crémation",100,Cremation,Cremación
pictionary,pictionary_C130,blue,,5,red,faire_le_pont,"Faire le pont",100,Take a long weekend,Hacer puente

pictionary,pictionary_C131,blue,,1,orange,cafetiere,"Cafetière",100,Coffee maker,Cafetera
pictionary,pictionary_C131,blue,,2,blue,mouette,"Mouette",100,Seagull,Gaviota
pictionary,pictionary_C131,blue,,3,orange,apprendre,"Apprendre",100,Learn,Aprender
pictionary,pictionary_C131,blue,,4,green,ville_fantome,"Ville fantôme",100,Ghost town,Pueblo fantasma
pictionary,pictionary_C131,blue,,5,red,guinness_record,"Guinness Record",100,Guinness Record,Récord Guinness

pictionary,pictionary_C132,blue,,1,orange,tabouret,"Tabouret",100,Stool,Taburete
pictionary,pictionary_C132,blue,,2,blue,marin,"Marin",100,Sailor,Marinero
pictionary,pictionary_C132,blue,,3,orange,dessiner,"Dessiner",100,Draw,Dibujar
pictionary,pictionary_C132,blue,,4,green,fuseau_horaire,"Fuseau horaire",100,Time zone,Huso horario
pictionary,pictionary_C132,blue,,5,red,les_mille_et_une_nuits,"Les Mille et Une Nuits",100,One Thousand and One Nights,Las mil y una noches

pictionary,pictionary_C133,blue,,1,orange,caleche,"Calèche",100,Horse carriage,Calesa
pictionary,pictionary_C133,blue,,2,blue,agriculture,"Agriculture",100,Agriculture,Agricultura
pictionary,pictionary_C133,blue,,3,orange,exploser,"Exploser",100,Explode,Explotar
pictionary,pictionary_C133,blue,,4,green,alveoles,"Alvéoles",100,Alveoli,Alvéolos
pictionary,pictionary_C133,blue,,5,red,chucky,"Chucky",100,Chucky,Chucky

pictionary,pictionary_C134,blue,,1,orange,feu_d_artifice,"Feu d’artifice",100,Fireworks,Fuegos artificiales
pictionary,pictionary_C134,blue,,2,blue,dentiste,"Dentiste",100,Dentist,Dentista
pictionary,pictionary_C134,blue,,3,orange,avaler,"Avaler",100,Swallow,Tragar
pictionary,pictionary_C134,blue,,4,green,cul_de_sac,"Cul-de-sac",100,Dead end,Callejón sin salida
pictionary,pictionary_C134,blue,,5,red,puy_du_fou,"Puy du Fou",100,Puy du Fou,Puy du Fou

pictionary,pictionary_C135,blue,,1,orange,lance_pierres,"Lance-pierres",100,Slingshot,Tirachinas
pictionary,pictionary_C135,blue,,2,blue,grande_muraille_de_chine,"Grande Muraille de Chine",100,Great Wall of China,Gran Muralla China
pictionary,pictionary_C135,blue,,3,orange,operer,"Opérer",100,Operate,Operar
pictionary,pictionary_C135,blue,,4,green,siege_ejectable,"Siège éjectable",100,Ejection seat,Asiento eyectable
pictionary,pictionary_C135,blue,,5,red,zlatan_ibrahimovic,"Zlatan Ibrahimović",100,Zlatan Ibrahimović,Zlatan Ibrahimović

pictionary,pictionary_C136,blue,,1,orange,mixer,"Mixer",100,Blender,Batidora
pictionary,pictionary_C136,blue,,2,blue,hippocampe,"Hippocampe",100,Seahorse,Caballito de mar
pictionary,pictionary_C136,blue,,3,orange,chatouiller,"Chatouiller",100,Tickle,Hacer cosquillas
pictionary,pictionary_C136,blue,,4,green,station_d_epuration,"Station d’épuration",100,Wastewater treatment plant,Planta depuradora
pictionary,pictionary_C136,blue,,5,red,baccalaureat,"Baccalauréat",100,Baccalaureate,Bachillerato

pictionary,pictionary_C137,blue,,1,orange,combinaison_de_ski,"Combinaison de ski",100,Ski suit,Traje de esquí
pictionary,pictionary_C137,blue,,2,blue,psychologue,"Psychologue",100,Psychologist,Psicólogo
pictionary,pictionary_C137,blue,,3,orange,boire,"Boire",100,Drink,Beber
pictionary,pictionary_C137,blue,,4,green,journal,"Journal",100,Newspaper,Periódico
pictionary,pictionary_C137,blue,,5,red,hip_hop,"Hip-hop",100,Hip-hop,Hip-hop

pictionary,pictionary_C138,blue,,1,orange,congelateur,"Congélateur",100,Freezer,Congelador
pictionary,pictionary_C138,blue,,2,blue,plage_d_autoroute,"Plage d’autoroute",100,Highway rest area,Área de descanso
pictionary,pictionary_C138,blue,,3,orange,rire,"Rire",100,Laugh,Reír
pictionary,pictionary_C138,blue,,4,green,etre_aigri,"Être aigri",100,Be bitter,Estar amargado
pictionary,pictionary_C138,blue,,5,red,funiculaire,"Funiculaire",100,Funicular,Funicular

pictionary,pictionary_C139,blue,,1,orange,parc_de_jeux,"Parc de jeux",100,Playground,Parque infantil
pictionary,pictionary_C139,blue,,2,blue,enfant,"Enfant",100,Child,Niño
pictionary,pictionary_C139,blue,,3,orange,courir,"Courir",100,Run,Correr
pictionary,pictionary_C139,blue,,4,green,s_amuser,"S’amuser",100,Have fun,Divertirse
pictionary,pictionary_C139,blue,,5,red,aire_de_jeux,"Aire de jeux",100,Play area,Área de juegos

pictionary,pictionary_C140,blue,,1,orange,barbecue,"Barbecue",100,Barbecue,Barbacoa
pictionary,pictionary_C140,blue,,2,blue,saucisse,"Saucisse",100,Sausage,Salchicha
pictionary,pictionary_C140,blue,,3,orange,griller,"Griller",100,Grill,Asar
pictionary,pictionary_C140,blue,,4,green,repas_en_famille,"Repas en famille",100,Family meal,Comida familiar
pictionary,pictionary_C140,blue,,5,red,ete,"Été",100,Summer,Verano

pictionary,pictionary_C141,blue,,1,orange,festival,"Festival",100,Festival,Festival
pictionary,pictionary_C141,blue,,2,blue,chanteur,"Chanteur",100,Singer,Cantante
pictionary,pictionary_C141,blue,,3,orange,danser,"Danser",100,Dance,Bailar
pictionary,pictionary_C141,blue,,4,green,faire_la_fete,"Faire la fête",100,Party,Salir de fiesta
pictionary,pictionary_C141,blue,,5,red,concert,"Concert",100,Concert,Concierto

pictionary,pictionary_C142,blue,,1,orange,ordinateur,"Ordinateur",100,Computer,Ordenador
pictionary,pictionary_C142,blue,,2,blue,programmeur,"Programmeur",100,Programmer,Programador
pictionary,pictionary_C142,blue,,3,orange,coder,"Coder",100,Code,Programar
pictionary,pictionary_C142,blue,,4,green,bug,"Bug",100,Bug,Bug
pictionary,pictionary_C142,blue,,5,red,internet,"Internet",100,Internet,Internet

pictionary,pictionary_C143,blue,,1,orange,cinema,"Cinéma",100,Cinema,Cine
pictionary,pictionary_C143,blue,,2,blue,acteur,"Acteur",100,Actor,Actor
pictionary,pictionary_C143,blue,,3,orange,jouer,"Jouer",100,Act,Actuar
pictionary,pictionary_C143,blue,,4,green,scene_culte,"Scène culte",100,Cult scene,Escena mítica
pictionary,pictionary_C143,blue,,5,red,hollywood,"Hollywood",100,Hollywood,Hollywood

pictionary,pictionary_C144,blue,,1,orange,television,"Télévision",100,Television,Televisión
pictionary,pictionary_C144,blue,,2,blue,journaliste,"Journaliste",100,Journalist,Periodista
pictionary,pictionary_C144,blue,,3,orange,interviewer,"Interviewer",100,Interview,Entrevistar
pictionary,pictionary_C144,blue,,4,green,breaking_news,"Breaking news",100,Breaking news,Última hora
pictionary,pictionary_C144,blue,,5,red,plateau_tv,"Plateau TV",100,TV set,Plató de TV

pictionary,pictionary_C145,blue,,1,orange,travail,"Travail",100,Work,Trabajo
pictionary,pictionary_C145,blue,,2,blue,chauffeur,"Chauffeur",100,Driver,Conductor
pictionary,pictionary_C145,blue,,3,orange,conduire,"Conduire",100,Drive,Conducir
pictionary,pictionary_C145,blue,,4,green,embouteillage,"Embouteillage",100,Traffic jam,Atasco
pictionary,pictionary_C145,blue,,5,red,transports,"Transports",100,Transport,Transportes

pictionary,pictionary_C146,blue,,1,orange,garage,"Garage",100,Garage,Garaje
pictionary,pictionary_C146,blue,,2,blue,mecanicien,"Mécanicien",100,Mechanic,Mecánico
pictionary,pictionary_C146,blue,,3,orange,reparer,"Réparer",100,Repair,Reparar
pictionary,pictionary_C146,blue,,4,green,cle_a_molette,"Clé à molette",100,Wrench,Llave inglesa
pictionary,pictionary_C146,blue,,5,red,voiture,"Voiture",100,Car,Coche

pictionary,pictionary_C147,blue,,1,orange,boutique,"Boutique",100,Shop,Tienda
pictionary,pictionary_C147,blue,,2,blue,vendeur,"Vendeur",100,Salesperson,Vendedor
pictionary,pictionary_C147,blue,,3,orange,acheter,"Acheter",100,Buy,Comprar
pictionary,pictionary_C147,blue,,4,green,essayage,"Essayage",100,Fitting,Probador
pictionary,pictionary_C147,blue,,5,red,magasin,"Magasin",100,Store,Tienda

pictionary,pictionary_C148,blue,,1,orange,coiffeur,"Coiffeur",100,Hairdresser,Peluquero
pictionary,pictionary_C148,blue,,2,blue,shampooing,"Shampooing",100,Shampoo,Champú
pictionary,pictionary_C148,blue,,3,orange,couper,"Couper",100,Cut,Cortar
pictionary,pictionary_C148,blue,,4,green,secoiffer,"Se coiffer",100,Do one’s hair,Peinarse
pictionary,pictionary_C148,blue,,5,red,miroir,"Miroir",100,Mirror,Espejo

pictionary,pictionary_C149,blue,,1,orange,bar,"Bar",100,Bar,Bar
pictionary,pictionary_C149,blue,,2,blue,barman,"Barman",100,Bartender,Barman
pictionary,pictionary_C149,blue,,3,orange,servir,"Servir",100,Serve,Servir
pictionary,pictionary_C149,blue,,4,green,boire_un_verre,"Boire un verre",100,Have a drink,Tomar una copa
pictionary,pictionary_C149,blue,,5,red,apero,"Apéro",100,Aperitif,Aperitivo

pictionary,pictionary_C150,blue,,1,orange,boucher,"Boucher",100,Butcher,Carnicero
pictionary,pictionary_C150,blue,,2,blue,viande,"Viande",100,Meat,Carne
pictionary,pictionary_C150,blue,,3,orange,decouper,"Découper",100,Cut,Sacar cortes
pictionary,pictionary_C150,blue,,4,green,couteau,"Couteau",100,Knife,Cuchillo
pictionary,pictionary_C150,blue,,5,red,steak,"Steak",100,Steak,Bistec

pictionary,pictionary_C151,blue,,1,orange,boulanger,"Boulanger",100,Baker,Panadero
pictionary,pictionary_C151,blue,,2,blue,pain,"Pain",100,Bread,Pan
pictionary,pictionary_C151,blue,,3,orange,cuire,"Cuire",100,Bake,Hornear
pictionary,pictionary_C151,blue,,4,green,four,"Four",100,Oven,Horno
pictionary,pictionary_C151,blue,,5,red,baguette,"Baguette",100,Baguette,Baguette

pictionary,pictionary_C152,blue,,1,orange,pharmacie,"Pharmacie",100,Pharmacy,Farmacia
pictionary,pictionary_C152,blue,,2,blue,medicament,"Médicament",100,Medicine,Medicamento
pictionary,pictionary_C152,blue,,3,orange,soigner,"Soigner",100,Treat,Tratar
pictionary,pictionary_C152,blue,,4,green,ordonnance,"Ordonnance",100,Prescription,Receta
pictionary,pictionary_C152,blue,,5,red,sante,"Santé",100,Health,Salud

pictionary,pictionary_C153,blue,,1,orange,restaurant,"Restaurant",100,Restaurant,Restaurante
pictionary,pictionary_C153,blue,,2,blue,serveur,"Serveur",100,Waiter,Camarero
pictionary,pictionary_C153,blue,,3,orange,commander,"Commander",100,Order,Pedir
pictionary,pictionary_C153,blue,,4,green,addition,"Addition",100,Bill,Cuenta
pictionary,pictionary_C153,blue,,5,red,pourboire,"Pourboire",100,Tip,Propina

pictionary,pictionary_C154,blue,,1,orange,hotel,"Hôtel",100,Hotel,Hotel
pictionary,pictionary_C154,blue,,2,blue,reception,"Réception",100,Reception,Recepción
pictionary,pictionary_C154,blue,,3,orange,reserver,"Réserver",100,Book,Reservar
pictionary,pictionary_C154,blue,,4,green,clef,"Clef",100,Key,Llave
pictionary,pictionary_C154,blue,,5,red,chambre,"Chambre",100,Room,Habitación

pictionary,pictionary_C155,blue,,1,orange,cinema,"Cinéma",100,Cinema,Cine
pictionary,pictionary_C155,blue,,2,blue,acteur,"Acteur",100,Actor,Actor
pictionary,pictionary_C155,blue,,3,orange,filmer,"Filmer",100,Film,Filmar
pictionary,pictionary_C155,blue,,4,green,scene,"Scène",100,Scene,Escena
pictionary,pictionary_C155,blue,,5,red,projecteur,"Projecteur",100,Projector,Proyector

pictionary,pictionary_C156,blue,,1,orange,ecole,"École",100,School,Escuela
pictionary,pictionary_C156,blue,,2,blue,professeur,"Professeur",100,Teacher,Profesor
pictionary,pictionary_C156,blue,,3,orange,apprendre,"Apprendre",100,Learn,Aprender
pictionary,pictionary_C156,blue,,4,green,tableau,"Tableau",100,Board,Pizarra
pictionary,pictionary_C156,blue,,5,red,eleve,"Élève",100,Student,Alumno

pictionary,pictionary_C157,blue,,1,orange,bibliotheque,"Bibliothèque",100,Library,Biblioteca
pictionary,pictionary_C157,blue,,2,blue,livre,"Livre",100,Book,Libro
pictionary,pictionary_C157,blue,,3,orange,lire,"Lire",100,Read,Leer
pictionary,pictionary_C157,blue,,4,green,silence,"Silence",100,Silence,Silencio
pictionary,pictionary_C157,blue,,5,red,etudes,"Études",100,Studies,Estudios

pictionary,pictionary_C158,blue,,1,orange,banque,"Banque",100,Bank,Banco
pictionary,pictionary_C158,blue,,2,blue,conseiller,"Conseiller",100,Advisor,Asesor
pictionary,pictionary_C158,blue,,3,orange,signer,"Signer",100,Sign,Firmar
pictionary,pictionary_C158,blue,,4,green,contrat,"Contrat",100,Contract,Contrato
pictionary,pictionary_C158,blue,,5,red,credit,"Crédit",100,Credit,Crédito

pictionary,pictionary_C159,blue,,1,orange,hopital,"Hôpital",100,Hospital,Hospital
pictionary,pictionary_C159,blue,,2,blue,infirmier,"Infirmier",100,Nurse,Enfermero
pictionary,pictionary_C159,blue,,3,orange,soigner,"Soigner",100,Treat,Tratar
pictionary,pictionary_C159,blue,,4,green,urgence,"Urgence",100,Emergency,Urgencia
pictionary,pictionary_C159,blue,,5,red,patient,"Patient",100,Patient,Paciente

pictionary,pictionary_C160,blue,,1,orange,aeroport,"Aéroport",100,Airport,Aeropuerto
pictionary,pictionary_C160,blue,,2,blue,avion,"Avion",100,Plane,Avión
pictionary,pictionary_C160,blue,,3,orange,decoller,"Décoller",100,Take off,Despegar
pictionary,pictionary_C160,blue,,4,green,bagage,"Bagage",100,Luggage,Equipaje
pictionary,pictionary_C160,blue,,5,red,vol,"Vol",100,Flight,Vuelo

pictionary,pictionary_C161,blue,,1,orange,gare,"Gare",100,Train station,Estación
pictionary,pictionary_C161,blue,,2,blue,train,"Train",100,Train,Tren
pictionary,pictionary_C161,blue,,3,orange,partir,"Partir",100,Leave,Salir
pictionary,pictionary_C161,blue,,4,green,quai,"Quai",100,Platform,Andén
pictionary,pictionary_C161,blue,,5,red,voyage,"Voyage",100,Trip,Viaje

pictionary,pictionary_C162,blue,,1,orange,poste,"Poste",100,Post office,Correos
pictionary,pictionary_C162,blue,,2,blue,lettre,"Lettre",100,Letter,Carta
pictionary,pictionary_C162,blue,,3,orange,envoyer,"Envoyer",100,Send,Enviar
pictionary,pictionary_C162,blue,,4,green,timbre,"Timbre",100,Stamp,Sello
pictionary,pictionary_C162,blue,,5,red,colis,"Colis",100,Package,Paquete

pictionary,pictionary_C163,blue,,1,orange,police,"Police",100,Police,Policía
pictionary,pictionary_C163,blue,,2,blue,agent,"Agent",100,Officer,Agente
pictionary,pictionary_C163,blue,,3,orange,controler,"Contrôler",100,Check,Controlar
pictionary,pictionary_C163,blue,,4,green,infraction,"Infraction",100,Offense,Infracción
pictionary,pictionary_C163,blue,,5,red,amende,"Amende",100,Fine,Multa

pictionary,pictionary_C164,blue,,1,orange,tribunal,"Tribunal",100,Court,Tribunal
pictionary,pictionary_C164,blue,,2,blue,juge,"Juge",100,Judge,Juez
pictionary,pictionary_C164,blue,,3,orange,juger,"Juger",100,Judge,Juzgar
pictionary,pictionary_C164,blue,,4,green,verdict,"Verdict",100,Verdict,Verdicto
pictionary,pictionary_C164,blue,,5,red,justice,"Justice",100,Justice,Justicia

pictionary,pictionary_C165,blue,,1,orange,ciseaux,"Ciseaux",100,Scissors,Tijeras
pictionary,pictionary_C165,blue,,2,blue,coiffeuse,"Coiffeuse",100,Hair stylist,Peluquera
pictionary,pictionary_C165,blue,,3,orange,couper,"Couper",100,Cut,Cortar
pictionary,pictionary_C165,blue,,4,green,brushing,"Brushing",100,Blow-dry,Secado
pictionary,pictionary_C165,blue,,5,red,chevelure,"Chevelure",100,Hair,Cabellera

pictionary,pictionary_C166,blue,,1,orange,marche,"Marché",100,Market,Mercado
pictionary,pictionary_C166,blue,,2,blue,poissonnier,"Poissonnier",100,Fishmonger,Pescadero
pictionary,pictionary_C166,blue,,3,orange,choisir,"Choisir",100,Choose,Elegir
pictionary,pictionary_C166,blue,,4,green,poisson_frais,"Poisson frais",100,Fresh fish,Pescado fresco
pictionary,pictionary_C166,blue,,5,red,etals,"Étals",100,Stalls,Puestos

pictionary,pictionary_C167,blue,,1,orange,boucherie,"Boucherie",100,Butcher shop,Carnicería
pictionary,pictionary_C167,blue,,2,blue,boucher,"Boucher",100,Butcher,Carnicero
pictionary,pictionary_C167,blue,,3,orange,trancher,"Trancher",100,Slice,Cortar en lonchas
pictionary,pictionary_C167,blue,,4,green,viande_rouge,"Viande rouge",100,Red meat,Carne roja
pictionary,pictionary_C167,blue,,5,red,cote_de_boeuf,"Côte de bœuf",100,Rib steak,Chuleta de buey

pictionary,pictionary_C168,blue,,1,orange,fromagerie,"Fromagerie",100,Cheese shop,Quesería
pictionary,pictionary_C168,blue,,2,blue,fromager,"Fromager",100,Cheesemonger,Quesero
pictionary,pictionary_C168,blue,,3,orange,deguster,"Déguster",100,Taste,Degustar
pictionary,pictionary_C168,blue,,4,green,plateau_de_fromages,"Plateau de fromages",100,Cheese platter,Tabla de quesos
pictionary,pictionary_C168,blue,,5,red,camembert,"Camembert",100,Camembert,Camembert

pictionary,pictionary_C169,blue,,1,orange,patisserie,"Pâtisserie",100,Pastry shop,Pastelería
pictionary,pictionary_C169,blue,,2,blue,patisserie_chef,"Chef pâtissier",100,Pastry chef,Chef pastelero
pictionary,pictionary_C169,blue,,3,orange,melanger,"Mélanger",100,Mix,Mezclar
pictionary,pictionary_C169,blue,,4,green,pate_a_gateau,"Pâte à gâteau",100,Cake batter,Masa de pastel
pictionary,pictionary_C169,blue,,5,red,eclair,"Éclair",100,Éclair,Éclair

pictionary,pictionary_C170,blue,,1,orange,librairie,"Librairie",100,Bookstore,Librería
pictionary,pictionary_C170,blue,,2,blue,libraire,"Libraire",100,Bookseller,Librero
pictionary,pictionary_C170,blue,,3,orange,conseiller,"Conseiller",100,Advise,Asesorar
pictionary,pictionary_C170,blue,,4,green,roman,"Roman",100,Novel,Novela
pictionary,pictionary_C170,blue,,5,red,rayonnage,"Rayonnage",100,Shelving,Estantería

pictionary,pictionary_C171,blue,,1,orange,supermarche,"Supermarché",100,Supermarket,Supermercado
pictionary,pictionary_C171,blue,,2,blue,caddie,"Caddie",100,Shopping cart,Carrito
pictionary,pictionary_C171,blue,,3,orange,payer,"Payer",100,Pay,Pagar
pictionary,pictionary_C171,blue,,4,green,caisse,"Caisse",100,Checkout,Caja
pictionary,pictionary_C171,blue,,5,red,ticket_de_caisse,"Ticket de caisse",100,Receipt,Ticket

pictionary,pictionary_C172,blue,,1,orange,pressing,"Pressing",100,Dry cleaner,Tintorería
pictionary,pictionary_C172,blue,,2,blue,chemise,"Chemise",100,Shirt,Camisa
pictionary,pictionary_C172,blue,,3,orange,nettoyer_a_sec,"Nettoyer à sec",100,Dry clean,Limpieza en seco
pictionary,pictionary_C172,blue,,4,green,repassage,"Repassage",100,Ironing,Planchado
pictionary,pictionary_C172,blue,,5,red,cintre,"Cintre",100,Hanger,Percha

pictionary,pictionary_C173,blue,,1,orange,cordonnerie,"Cordonnerie",100,Shoe repair,Cordonería
pictionary,pictionary_C173,blue,,2,blue,cordonnier,"Cordonnier",100,Cobbler,Zapatero
pictionary,pictionary_C173,blue,,3,orange,reparer,"Réparer",100,Repair,Reparar
pictionary,pictionary_C173,blue,,4,green,chaussures,"Chaussures",100,Shoes,Zapatos
pictionary,pictionary_C173,blue,,5,red,semelle,"Semelle",100,Sole,Suela

pictionary,pictionary_C174,blue,,1,orange,tabac,"Tabac",100,Tobacco shop,Estanco
pictionary,pictionary_C174,blue,,2,blue,buraliste,"Buraliste",100,Tobacconist,Estanquero
pictionary,pictionary_C174,blue,,3,orange,acheter,"Acheter",100,Buy,Comprar
pictionary,pictionary_C174,blue,,4,green,timbres,"Timbres",100,Stamps,Estampillas
pictionary,pictionary_C174,blue,,5,red,journaux,"Journaux",100,Newspapers,Periódicos

pictionary,pictionary_C175,blue,,1,orange,banque,"Banque",100,Bank,Banco
pictionary,pictionary_C175,blue,,2,blue,guichet,"Guichet",100,Counter,Ventanilla
pictionary,pictionary_C175,blue,,3,orange,retirer,"Retirer",100,Withdraw,Retirar
pictionary,pictionary_C175,blue,,4,green,argent_liquide,"Argent liquide",100,Cash,Efectivo
pictionary,pictionary_C175,blue,,5,red,distributeur,"Distributeur",100,ATM,Cajero automático

pictionary,pictionary_C176,blue,,1,orange,mairie,"Mairie",100,Town hall,Ayuntamiento
pictionary,pictionary_C176,blue,,2,blue,maire,"Maire",100,Mayor,Alcalde
pictionary,pictionary_C176,blue,,3,orange,signer,"Signer",100,Sign,Firmar
pictionary,pictionary_C176,blue,,4,green,acte_officiel,"Acte officiel",100,Official document,Documento oficial
pictionary,pictionary_C176,blue,,5,red,etat_civil,"État civil",100,Civil registry,Registro civil

pictionary,pictionary_C177,blue,,1,orange,poste_de_police,"Poste de police",100,Police station,Comisaría
pictionary,pictionary_C177,blue,,2,blue,gendarme,"Gendarme",100,Gendarme,Gendarme
pictionary,pictionary_C177,blue,,3,orange,interroger,"Interroger",100,Question,Interrogar
pictionary,pictionary_C177,blue,,4,green,enquete,"Enquête",100,Investigation,Investigación
pictionary,pictionary_C177,blue,,5,red,plainte,"Plainte",100,Complaint,Denuncia

pictionary,pictionary_C178,blue,,1,orange,hospitalisation,"Hospitalisation",100,Hospitalization,Hospitalización
pictionary,pictionary_C178,blue,,2,blue,docteur,"Docteur",100,Doctor,Doctor
pictionary,pictionary_C178,blue,,3,orange,examiner,"Examiner",100,Examine,Examinar
pictionary,pictionary_C178,blue,,4,green,diagnostic,"Diagnostic",100,Diagnosis,Diagnóstico
pictionary,pictionary_C178,blue,,5,red,traitement,"Traitement",100,Treatment,Tratamiento

pictionary,pictionary_C179,blue,,1,orange,ecole_maternelle,"École maternelle",100,Kindergarten,Educación infantil
pictionary,pictionary_C179,blue,,2,blue,enseignant,"Enseignant",100,Teacher,Docente
pictionary,pictionary_C179,blue,,3,orange,apprendre,"Apprendre",100,Learn,Aprender
pictionary,pictionary_C179,blue,,4,green,alphabet,"Alphabet",100,Alphabet,Alfabeto
pictionary,pictionary_C179,blue,,5,red,enfance,"Enfance",100,Childhood,Infancia

pictionary,pictionary_C180,blue,,1,orange,universite,"Université",100,University,Universidad
pictionary,pictionary_C180,blue,,2,blue,etudiant,"Étudiant",100,Student,Estudiante
pictionary,pictionary_C180,blue,,3,orange,etudier,"Étudier",100,Study,Estudiar
pictionary,pictionary_C180,blue,,4,green,examen,"Examen",100,Exam,Examen
pictionary,pictionary_C180,blue,,5,red,diplome,"Diplôme",100,Degree,Título

pictionary,pictionary_C181,blue,,1,orange,garage_auto,"Garage auto",100,Car garage,Taller mecánico
pictionary,pictionary_C181,blue,,2,blue,voiture,"Voiture",100,Car,Coche
pictionary,pictionary_C181,blue,,3,orange,vidanger,"Vidanger",100,Drain oil,Cambiar el aceite
pictionary,pictionary_C181,blue,,4,green,huile_moteur,"Huile moteur",100,Engine oil,Aceite de motor
pictionary,pictionary_C181,blue,,5,red,entretien,"Entretien",100,Maintenance,Mantenimiento

pictionary,pictionary_C182,blue,,1,orange,agence_voyage,"Agence de voyage",100,Travel agency,Agencia de viajes
pictionary,pictionary_C182,blue,,2,blue,agent_voyage,"Agent de voyage",100,Travel agent,Agente de viajes
pictionary,pictionary_C182,blue,,3,orange,reserver,"Réserver",100,Book,Reservar
pictionary,pictionary_C182,blue,,4,green,billet,"Billet",100,Ticket,Billete
pictionary,pictionary_C182,blue,,5,red,itineraire,"Itinéraire",100,Itinerary,Itinerario

pictionary,pictionary_C183,blue,,1,orange,tribunal,"Tribunal",100,Court,Tribunal
pictionary,pictionary_C183,blue,,2,blue,avocat,"Avocat",100,Lawyer,Abogado
pictionary,pictionary_C183,blue,,3,orange,defendre,"Défendre",100,Defend,Defender
pictionary,pictionary_C183,blue,,4,green,justice_penale,"Justice pénale",100,Criminal justice,Justicia penal
pictionary,pictionary_C183,blue,,5,red,proces,"Procès",100,Trial,Juicio

pictionary,pictionary_C184,blue,,1,orange,cabinet_medical,"Cabinet médical",100,Doctor’s office,Consulta médica
pictionary,pictionary_C184,blue,,2,blue,medecin,"Médecin",100,Doctor,Médico
pictionary,pictionary_C184,blue,,3,orange,consulter,"Consulter",100,Consult,Consultar
pictionary,pictionary_C184,blue,,4,green,rendez_vous,"Rendez-vous",100,Appointment,Cita
pictionary,pictionary_C184,blue,,5,red,patient,"Patient",100,Patient,Paciente

pictionary,pictionary_C185,blue,,1,orange,poste,"Poste",100,Post office,Correos
pictionary,pictionary_C185,blue,,2,blue,facteur,"Facteur",100,Mail carrier,Cartero
pictionary,pictionary_C185,blue,,3,orange,distribuer,"Distribuer",100,Deliver,Repartir
pictionary,pictionary_C185,blue,,4,green,courrier,"Courrier",100,Mail,Correo
pictionary,pictionary_C185,blue,,5,red,boite_aux_lettres,"Boîte aux lettres",100,Mailbox,Buzón

pictionary,pictionary_C186,blue,,1,orange,aeroport,"Aéroport",100,Airport,Aeropuerto
pictionary,pictionary_C186,blue,,2,blue,hotesse,"Hôtesse",100,Flight attendant,Azafata
pictionary,pictionary_C186,blue,,3,orange,embarquer,"Embarquer",100,Board,Embarcar
pictionary,pictionary_C186,blue,,4,green,controle_securite,"Contrôle de sécurité",100,Security check,Control de seguridad
pictionary,pictionary_C186,blue,,5,red,passeport,"Passeport",100,Passport,PASAPORTE

pictionary,pictionary_C187,blue,,1,orange,gare,"Gare",100,Train station,Estación
pictionary,pictionary_C187,blue,,2,blue,chef_de_gare,"Chef de gare",100,Station master,Jefe de estación
pictionary,pictionary_C187,blue,,3,orange,attendre,"Attendre",100,Wait,Esperar
pictionary,pictionary_C187,blue,,4,green,quai,"Quai",100,Platform,Andén
pictionary,pictionary_C187,blue,,5,red,retard,"Retard",100,Delay,Retraso

pictionary,pictionary_C188,blue,,1,orange,station_service,"Station-service",100,Gas station,Gasolinera
pictionary,pictionary_C188,blue,,2,blue,pompiste,"Pompiste",100,Attendant,Gasolinero
pictionary,pictionary_C188,blue,,3,orange,faire_le_plein,"Faire le plein",100,Fill up,Llenar el tanque
pictionary,pictionary_C188,blue,,4,green,carburant,"Carburant",100,Fuel,Combustible
pictionary,pictionary_C188,blue,,5,red,essence,"Essence",100,Gasoline,Gasolina

pictionary,pictionary_C189,blue,,1,orange,hotel_de_ville,"Hôtel de ville",100,City hall,Ayuntamiento
pictionary,pictionary_C189,blue,,2,blue,conseiller_municipal,"Conseiller municipal",100,City councilor,Concejal
pictionary,pictionary_C189,blue,,3,orange,voter,"Voter",100,Vote,Votar
pictionary,pictionary_C189,blue,,4,green,elections,"Élections",100,Elections,Elecciones
pictionary,pictionary_C189,blue,,5,red,urne,"Urne",100,Ballot box,Urna

pictionary,pictionary_C190,blue,,1,orange,hopital_public,"Hôpital public",100,Public hospital,Hospital público
pictionary,pictionary_C190,blue,,2,blue,ambulancier,"Ambulancier",100,Paramedic,Paramédico
pictionary,pictionary_C190,blue,,3,orange,transporter,"Transporter",100,Transport,Transportar
pictionary,pictionary_C190,blue,,4,green,urgence_medicale,"Urgence médicale",100,Medical emergency,Emergencia médica
pictionary,pictionary_C190,blue,,5,red,samu,"SAMU",100,SAMU,SAMU

pictionary,pictionary_C191,blue,,1,orange,ecole_primaire,"École primaire",100,Primary school,Escuela primaria
pictionary,pictionary_C191,blue,,2,blue,instituteur,"Instituteur",100,Primary teacher,Maestro
pictionary,pictionary_C191,blue,,3,orange,expliquer,"Expliquer",100,Explain,Explicar
pictionary,pictionary_C191,blue,,4,green,lecon,"Leçon",100,Lesson,Lección
pictionary,pictionary_C191,blue,,5,red,tableau_noir,"Tableau noir",100,Blackboard,Pizarra

pictionary,pictionary_C192,blue,,1,orange,universite,"Université",100,University,Universidad
pictionary,pictionary_C192,blue,,2,blue,professeur,"Professeur",100,Professor,Profesor
pictionary,pictionary_C192,blue,,3,orange,enseigner,"Enseigner",100,Teach,Enseñar
pictionary,pictionary_C192,blue,,4,green,amphitheatre,"Amphithéâtre",100,Amphitheater,Anfiteatro
pictionary,pictionary_C192,blue,,5,red,cours_magistral,"Cours magistral",100,Lecture,Clase magistral
