game_id,card_id,card_color,theme,points,label_fr,label_en,label_es


olm,olm_G001a,none,olemots,0,"Hurler en chuchotant !","Shout while whispering!","Gritar susurrando"
olm,olm_G001b,none,olemimes,0,"En chantant l’alphabet","Sing the alphabet","Cantando el alfabeto"
olm,olm_G001c,none,olesons,0,"Imiter l’équipe adverse par la main","Imitate the opposing team using only your hand","Imitar al equipo contrario solo con la mano"
olm,olm_G002a,none,olemots,0,"Parler avec la langue tirée","Speak with your tongue out","Hablar con la lengua fuera"
olm,olm_G002b,none,olemimes,0,"Montrer chaque mot en faisant le chien","Show each word by acting like a dog","Mostrar cada palabra actuando como un perro"
olm,olm_G002c,none,olesons,0,"Sportif : en faisant du gainage","Sporty: hold a plank","Deportivo: mantener la plancha"
olm,olm_G003a,none,olemots,0,"En chantant sur un air de ton choix","Sing to any tune you like","Cantando con la melodía que quieras"
olm,olm_G003b,none,olemimes,0,"Mimer en ayant les genoux collés entre eux","Mime with knees stuck together","Hacer mímica con las rodillas juntas"
olm,olm_G003c,none,olesons,0,"En dansant la macarena","Dance the Macarena","Bailando la Macarena"
olm,olm_G004a,none,olemots,0,"Pas le droit de passer","You are not allowed to pass","No está permitido pasar"
olm,olm_G004b,none,olemimes,0,"Pas le droit de passer","You are not allowed to pass","No está permitido pasar"
olm,olm_G004c,none,olesons,0,"Pas le droit de passer","You are not allowed to pass","No está permitido pasar"
olm,olm_G005a,none,olemots,0,"Sportif : en faisant des pompes (ou des abdos acceptés)","Sporty: do push-ups (or sit-ups allowed)","Deportivo: hacer flexiones (o abdominales)"
olm,olm_G005b,none,olemimes,0,"Tu peux donner la première lettre","You may give the first letter","Puedes dar la primera letra"
olm,olm_G005c,none,olesons,0,"Top chrono : 15 secondes de moins","Countdown: 15 seconds less","Cuenta atrás: 15 segundos menos"
olm,olm_G006a,none,olemots,0,"En rappant","By rapping","Rapeando"
olm,olm_G006b,none,olemimes,0,"Mimer en chantant la marseillaise","Mime while singing La Marseillaise","Hacer mímica cantando La Marsellesa"
olm,olm_G006c,none,olesons,0,"En jouant de l’air guitar","Air guitar performance","Tocando la guitarra imaginaria"
olm,olm_G007a,none,olemots,0,"En imitant un singe entre chaque carte","Imitate a monkey between each card","Imitar a un mono entre cada carta"
olm,olm_G007b,none,olemimes,0,"En imitant un singe entre chaque carte","Imitate a monkey between each card","Imitar a un mono entre cada carta"
olm,olm_G007c,none,olesons,0,"En tournant sur toi-même en permanence","Spin around continuously","Girando sobre ti mismo sin parar"
olm,olm_G008a,none,olemots,0,"En sautillant","Hop while speaking","Saltando a la pata coja"
olm,olm_G008b,none,olemimes,0,"En chantant la marseillaise","Sing La Marseillaise","Cantando La Marsellesa"
olm,olm_G008c,none,olesons,0,"En restant à quatre pattes","Stay on all fours","Permanecer a cuatro patas"
olm,olm_G009a,none,olemots,0,"C’est Noël : en décorant ton sapin imaginaire","It’s Christmas: decorate an imaginary tree","Es Navidad: decorando tu árbol imaginario"
olm,olm_G009b,none,olemimes,0,"Le mime égyptien : en restant de profil","Egyptian mime: stay in profile","Mimo egipcio: quedarse de perfil"
olm,olm_G009c,none,olesons,0,"Demande en mariage en gardant un genou à terre","Marriage proposal on one knee","Pedir matrimonio con una rodilla en el suelo"
olm,olm_G010a,none,olemots,0,"Prends accent imposé par l’adversaire","Use the accent chosen by the opponent","Usa el acento impuesto por el adversario"
olm,olm_G010b,none,olemimes,0,"En faisant comme si tu avais le hoquet","Act like you have hiccups","Actuar como si tuvieras hipo"
olm,olm_G010c,none,olesons,0,"En faisant comme si tu avais le hoquet","Act like you have hiccups","Actuar como si tuvieras hipo"
olm,olm_G011a,none,olemots,0,"En parlant avec la voix la plus aiguë","Speak with the highest-pitched voice","Hablar con la voz más aguda posible"
olm,olm_G011b,none,olemimes,0,"Fais 10 tours sur toi-même avant de lancer le chrono","Spin 10 times before starting the timer","Da 10 vueltas sobre ti mismo antes de iniciar el cronómetro"
olm,olm_G011c,none,olesons,0,"Sportif : en faisant des squats","Sporty: do squats","Deportivo: hacer sentadillas"
olm,olm_G012a,none,olemots,0,"En chantant comme un rappeur","Sing like a rapper","Cantando como un rapero"
olm,olm_G012b,none,olemimes,0,"Prends l’accent de ton choix","Choose any accent","Elige el acento que quieras"
olm,olm_G012c,none,olesons,0,"En dansant disco","Dance disco style","Bailando estilo disco"


olm,olm_C300a,green,olemots,1,"Moules-frites","Moules-frites","Moules-frites"
olm,olm_C300b,green,olemots,1,"Beaujolais nouveau","Beaujolais nouveau","Beaujolais nouveau"
olm,olm_C301a,green,olemots,1,"de Miss France Le concours","de Miss France Le concours","de Miss France Le concours"
olm,olm_C301b,green,olemots,1,"Marion Cotillard","Marion Cotillard","Marion Cotillard"
olm,olm_C302a,green,olemots,1,"Notre-Dame de Paris","Notre-Dame de Paris","Notre-Dame de Paris"
olm,olm_C302b,green,olemots,1,"Brigitte Macron","Brigitte Macron","Brigitte Macron"
olm,olm_C303a,green,olemots,1,"French kiss","French kiss","French kiss"
olm,olm_C303b,green,olemots,1,"Molière","Molière","Molière"
olm,olm_C304a,green,olemots,1,"Le Tour de France","Le Tour de France","Le Tour de France"
olm,olm_C304b,green,olemots,1,"Aya Nakamura","Aya Nakamura","Aya Nakamura"
olm,olm_C305a,green,olemots,1,"Marianne","Marianne","Marianne"
olm,olm_C305b,green,olemots,1,"de Monte-Cristo Le Comte","de Monte-Cristo Le Comte","de Monte-Cristo Le Comte"
olm,olm_C306a,green,olemots,1,"Bienvenue chez les Ch'tis (film)","Bienvenue chez les Ch'tis (film)","Bienvenue chez les Ch'tis (film)"
olm,olm_C306b,green,olemots,1,"Festival de Cannes","Festival de Cannes","Festival de Cannes"
olm,olm_C307a,green,olemots,1,"Léa Salamé","Léa Salamé","Léa Salamé"
olm,olm_C307b,green,olemots,1,"Château de Versailles","Château de Versailles","Château de Versailles"
olm,olm_C308a,green,olemots,1,"Lutèce","Lutèce","Lutèce"
olm,olm_C308b,green,olemots,1,"Roland Garros","Roland Garros","Roland Garros"
olm,olm_C309a,green,olemots,1,"Trèfle à 4 feuilles","Trèfle à 4 feuilles","Trèfle à 4 feuilles"
olm,olm_C309b,green,olemots,1,"du Sacré-Cœur Basilique","du Sacré-Cœur Basilique","du Sacré-Cœur Basilique"
olm,olm_C310a,green,olemots,1,"Virginie Efira","Virginie Efira","Virginie Efira"
olm,olm_C310b,green,olemots,1,"Toulouse","Toulouse","Toulouse"
olm,olm_C311a,green,olemots,1,"Cassoulet","Cassoulet","Cassoulet"
olm,olm_C311b,green,olemots,1,"Ratatouille","Ratatouille","Ratatouille"
olm,olm_C312a,green,olemots,1,"Pot-au-feu","Pot-au-feu","Pot-au-feu"
olm,olm_C312b,green,olemots,1,"Un p'tit truc en plus (film)","Un p'tit truc en plus (film)","Un p'tit truc en plus (film)"
olm,olm_C313a,green,olemots,1,"Baguette de pain","Baguette de pain","Baguette de pain"
olm,olm_C313b,green,olemots,1,"Pain au chocolat/Chocolatine","Pain au chocolat/Chocolatine","Pain au chocolat/Chocolatine"
olm,olm_C314a,green,olemots,1,"Amélie Poulain","Amélie Poulain","Amélie Poulain"
olm,olm_C314b,green,olemots,1,"Nikos Aliagas","Nikos Aliagas","Nikos Aliagas"
olm,olm_C315a,green,olemots,1,"Le cidre","Le cidre","Le cidre"
olm,olm_C315b,green,olemots,1,"Daft Punk","Daft Punk","Daft Punk"
olm,olm_C316a,green,olemots,1,"Philippe Etchebest","Philippe Etchebest","Philippe Etchebest"
olm,olm_C316b,green,olemots,1,"Avignon","Avignon","Avignon"
olm,olm_C317a,green,olemots,1,"Saucisson","Saucisson","Saucisson"
olm,olm_C317b,green,olemots,1,"Bouillabaisse","Bouillabaisse","Bouillabaisse"
olm,olm_C318a,green,olemots,1,"Le Stade de France","Le Stade de France","Le Stade de France"
olm,olm_C318b,green,olemots,1,"Éclair au chocolat","Éclair au chocolat","Éclair au chocolat"
olm,olm_C319a,green,olemots,1,"La dune du Pilat","La dune du Pilat","La dune du Pilat"
olm,olm_C319b,green,olemots,1,"Les Arènes de Nîmes","Les Arènes de Nîmes","Les Arènes de Nîmes"
olm,olm_C320a,green,olemots,1,"Le salo alon de l'agriculture","Le salo alon de l'agriculture","Le salo alon de l'agriculture"
olm,olm_C320b,green,olemots,1,"La lavande","La lavande","La lavande"
olm,olm_C321a,green,olemots,1,"La Côte d'Azur","La Côte d'Azur","La Côte d'Azur"
olm,olm_C321b,green,olemots,1,"Cuisses de grenouille","Cuisses de grenouille","Cuisses de grenouille"
olm,olm_C322a,green,olemots,1,"Montpellier","Montpellier","Montpellier"
olm,olm_C322b,green,olemots,1,"Le Petit Nicolas","Le Petit Nicolas","Le Petit Nicolas"
olm,olm_C323a,green,olemots,1,"Simone Veil","Simone Veil","Simone Veil"
olm,olm_C323b,green,olemots,1,"Les Alpes","Les Alpes","Les Alpes"
olm,olm_C324a,green,olemots,1,"Blanquette de veau","Blanquette de veau","Blanquette de veau"
olm,olm_C324b,green,olemots,1,"Macaron","Macaron","Macaron"
olm,olm_C325a,green,olemots,1,"La Promenade des Anglais","La Promenade des Anglais","La Promenade des Anglais"
olm,olm_C325b,green,olemots,1,"L'île de Ré","L'île de Ré","L'île de Ré"
olm,olm_C326a,green,olemots,1,"Roquefort","Roquefort","Roquefort"
olm,olm_C326b,green,olemots,1,"François Hollande","François Hollande","François Hollande"
olm,olm_C327a,green,olemots,1,"Claire Chazal","Claire Chazal","Claire Chazal"
olm,olm_C327b,green,olemots,1,"Galette des rois","Galette des rois","Galette des rois"
olm,olm_C328a,green,olemots,1,"Mont-Saint-Michel","Mont-Saint-Michel","Mont-Saint-Michel"
olm,olm_C328b,green,olemots,1,"Le TGV","Le TGV","Le TGV"
olm,olm_C329a,green,olemots,1,"Le Louvre","Le Louvre","Le Louvre"
olm,olm_C329b,green,olemots,1,"Parc Astérix","Parc Astérix","Parc Astérix"
olm,olm_C330a,green,olemots,1,"Le Roi Soleil (Louis XIV)","Le Roi Soleil (Louis XIV)","Le Roi Soleil (Louis XIV)"
olm,olm_C330b,green,olemots,1,"Les Misérables","Les Misérables","Les Misérables"
olm,olm_C331a,green,olemots,1,"Le lac d'Annecy","Le lac d'Annecy","Le lac d'Annecy"
olm,olm_C331b,green,olemots,1,"Kylian Mbappé","Kylian Mbappé","Kylian Mbappé"
olm,olm_C332a,green,olemots,1,"Petit Papa Noël","Petit Papa Noël","Petit Papa Noël"
olm,olm_C332b,green,olemots,1,"La Joconde","La Joconde","La Joconde"
olm,olm_C333a,green,olemots,1,"Léon Marchand","Léon Marchand","Léon Marchand"
olm,olm_C333b,green,olemots,1,"Les Enfoirés","Les Enfoirés","Les Enfoirés"
olm,olm_C334a,green,olemots,1,"Disneyland Paris","Disneyland Paris","Disneyland Paris"
olm,olm_C334b,green,olemots,1,"Thomas Pesquet","Thomas Pesquet","Thomas Pesquet"
olm,olm_C335a,green,olemots,1,"Champagne","Champagne","Champagne"
olm,olm_C335b,green,olemots,1,"Jamel Debbouze","Jamel Debbouze","Jamel Debbouze"
olm,olm_C336a,green,olemots,1,"NRJ Music Awards","NRJ Music Awards","NRJ Music Awards"
olm,olm_C336b,green,olemots,1,"Les JO de Paris 2024","Les JO de Paris 2024","Les JO de Paris 2024"
olm,olm_C337a,green,olemots,1,"Le Hellfest","Le Hellfest","Le Hellfest"
olm,olm_C337b,green,olemots,1,"Roissy Charles de Gaulle","Roissy Charles de Gaulle","Roissy Charles de Gaulle"
olm,olm_C338a,green,olemots,1,"La danse des canards","La danse des canards","La danse des canards"
olm,olm_C338b,green,olemots,1,"La Révolution française","La Révolution française","La Révolution française"
olm,olm_C339a,green,olemots,1,"Légion d'Honneur","Légion d'Honneur","Légion d'Honneur"
olm,olm_C339b,green,olemots,1,"L'océan Atlantique","L'océan Atlantique","L'océan Atlantique"
olm,olm_C340a,green,olemots,1,"Les Visiteurs","Les Visiteurs","Les Visiteurs"
olm,olm_C340b,green,olemots,1,"Liberté Égalité Fraternité","Liberté Égalité Fraternité","Liberté Égalité Fraternité"
olm,olm_C341a,green,olemots,1,"Châteaux de la Loire","Châteaux de la Loire","Châteaux de la Loire"
olm,olm_C341b,green,olemots,1,"Gaulois","Gaulois","Gaulois"
olm,olm_C342a,green,olemots,1,"Le Futuroscope","Le Futuroscope","Le Futuroscope"
olm,olm_C342b,green,olemots,1,"La fusée Ariane","La fusée Ariane","La fusée Ariane"
olm,olm_C343a,green,olemots,1,"La La moutarde de Dijon","La La moutarde de Dijon","La La moutarde de Dijon"
olm,olm_C343b,green,olemots,1,"Florent Manaudou","Florent Manaudou","Florent Manaudou"
olm,olm_C344a,green,olemots,1,"Bernadette Chirac","Bernadette Chirac","Bernadette Chirac"
olm,olm_C344b,green,olemots,1,"La prise de la Bastille","La prise de la Bastille","La prise de la Bastille"
olm,olm_C345a,green,olemots,1,"Bretagne","Bretagne","Bretagne"
olm,olm_C345b,green,olemots,1,"La fête de la sique","La fête de la sique","La fête de la sique"
olm,olm_C346a,green,olemots,1,"Le Petit Prince","Le Petit Prince","Le Petit Prince"
olm,olm_C346b,green,olemots,1,"The Artist (film)","The Artist (film)","The Artist (film)"
olm,olm_C347a,green,olemots,1,"Le Téléthon","Le Téléthon","Le Téléthon"
olm,olm_C347b,green,olemots,1,"Champs Élysées","Champs Élysées","Champs Élysées"

olm,olm_C516a,green,olemots,3,"La vache qui rit","La vache qui rit","La vache qui rit"
olm,olm_C516b,green,olemots,3,"Apple","Apple","Apple"
olm,olm_C517a,green,olemots,3,"Magnum","Magnum","Magnum"
olm,olm_C517b,green,olemots,3,"Levi's","Levi's","Levi's"
olm,olm_C518a,green,olemots,3,"Burger King","Burger King","Burger King"
olm,olm_C518b,green,olemots,3,"TF1","TF1","TF1"
olm,olm_C519a,green,olemots,3,"San Pellegrino","San Pellegrino","San Pellegrino"
olm,olm_C519b,green,olemots,3,"Vittel","Vittel","Vittel"
olm,olm_C520a,green,olemots,3,"Disney","Disney","Disney"
olm,olm_C520b,green,olemots,3,"Amazon","Amazon","Amazon"
olm,olm_C521a,green,olemots,3,"E. Leclerc","E. Leclerc","E. Leclerc"
olm,olm_C521b,green,olemots,3,"Durex","Durex","Durex"
olm,olm_C522a,green,olemots,3,"Cdiscount","Cdiscount","Cdiscount"
olm,olm_C522b,green,olemots,3,"Adidas","Adidas","Adidas"
olm,olm_C523a,green,olemots,3,"Harley-Davidson","Harley-Davidson","Harley-Davidson"
olm,olm_C523b,green,olemots,3,"Audi","Audi","Audi"
olm,olm_C524a,green,olemots,3,"Orangina","Orangina","Orangina"
olm,olm_C524b,green,olemots,3,"Chanel","Chanel","Chanel"
olm,olm_C525a,green,olemots,3,"Barilla","Barilla","Barilla"
olm,olm_C525b,green,olemots,3,"Nike","Nike","Nike"
olm,olm_C526a,green,olemots,3,"Doritos","Doritos","Doritos"
olm,olm_C526b,green,olemots,3,"Canal +","Canal +","Canal +"
olm,olm_C527a,green,olemots,3,"Dr. Martens","Dr. Martens","Dr. Martens"
olm,olm_C527b,green,olemots,3,"Twitter / X X","Twitter / X X","Twitter / X X"
olm,olm_C528a,green,olemots,3,"Cœur de Lion","Cœur de Lion","Cœur de Lion"
olm,olm_C528b,green,olemots,3,"Galeries Lafayette","Galeries Lafayette","Galeries Lafayette"
olm,olm_C529a,green,olemots,3,"Nature & Découvertes","Nature & Découvertes","Nature & Découvertes"
olm,olm_C529b,green,olemots,3,"Vinted","Vinted","Vinted"
olm,olm_C530a,green,olemots,3,"Pampers","Pampers","Pampers"
olm,olm_C530b,green,olemots,3,"L'Oréal","L'Oréal","L'Oréal"
olm,olm_C531a,green,olemots,3,"Lustucru","Lustucru","Lustucru"
olm,olm_C531b,green,olemots,3,"Le Slip Français","Le Slip Français","Le Slip Français"
olm,olm_C532a,green,olemots,3,"Lacoste","Lacoste","Lacoste"
olm,olm_C532b,green,olemots,3,"Pepsi","Pepsi","Pepsi"
olm,olm_C533a,green,olemots,3,"Superdry","Superdry","Superdry"
olm,olm_C533b,green,olemots,3,"Pringles","Pringles","Pringles"
olm,olm_C534a,green,olemots,3,"Netflix","Netflix","Netflix"
olm,olm_C534b,green,olemots,3,"Fnac","Fnac","Fnac"
olm,olm_C535a,green,olemots,3,"Jacquie et Michel","Jacquie et Michel","Jacquie et Michel"
olm,olm_C535b,green,olemots,3,"Garnier","Garnier","Garnier"
olm,olm_C536a,green,olemots,3,"Sezane","Sezane","Sezane"
olm,olm_C536b,green,olemots,3,"Freedent","Freedent","Freedent"
olm,olm_C537a,green,olemots,3,"Kinder","Kinder","Kinder"
olm,olm_C537b,green,olemots,3,"Kleenex","Kleenex","Kleenex"
olm,olm_C538a,green,olemots,3,"Orange","Orange","Orange"
olm,olm_C538b,green,olemots,3,"opua Ninten","opua Ninten","opua Ninten"
olm,olm_C539a,green,olemots,3,"Perrier","Perrier","Perrier"
olm,olm_C539b,green,olemots,3,"Oasis","Oasis","Oasis"
olm,olm_C540a,green,olemots,3,"Lidl","Lidl","Lidl"
olm,olm_C540b,green,olemots,3,"Free","Free","Free"
olm,olm_C541a,green,olemots,3,"Tiktok","Tiktok","Tiktok"
olm,olm_C541b,green,olemots,3,"Samsung","Samsung","Samsung"
olm,olm_C542a,green,olemots,3,"Total","Total","Total"
olm,olm_C542b,green,olemots,3,"Maisons du monde","Maisons du monde","Maisons du monde"
olm,olm_C543a,green,olemots,3,"Yoplait","Yoplait","Yoplait"
olm,olm_C543b,green,olemots,3,"Decathlon","Decathlon","Decathlon"
olm,olm_C544a,green,olemots,3,"Starbucks","Starbucks","Starbucks"
olm,olm_C544b,green,olemots,3,"IKEA","IKEA","IKEA"
olm,olm_C545a,green,olemots,3,"Fanta","Fanta","Fanta"
olm,olm_C545b,green,olemots,3,"Michelin","Michelin","Michelin"
olm,olm_C546a,green,olemots,3,"Crédit Agricole","Crédit Agricole","Crédit Agricole"
olm,olm_C546b,green,olemots,3,"Instagram","Instagram","Instagram"
olm,olm_C547a,green,olemots,3,"Tropico","Tropico","Tropico"
olm,olm_C547b,green,olemots,3,"Coca Cola","Coca Cola","Coca Cola"
olm,olm_C001a,green,olemots,3,"Bonne Maman","Bonne Maman","Bonne Maman"
olm,olm_C001b,green,olemots,3,"Converse","Converse","Converse"
olm,olm_C002a,green,olemots,3,"Bonduelle","Bonduelle","Bonduelle"
olm,olm_C002b,green,olemots,3,"Action","Action","Action"
olm,olm_C003a,green,olemots,3,"KFC","KFC","KFC"
olm,olm_C003b,green,olemots,3,"Milka","Milka","Milka"
olm,olm_C004a,green,olemots,3,"Eastpak","Eastpak","Eastpak"
olm,olm_C004b,green,olemots,3,"Pom’potes","Pom’potes","Pom’potes"
olm,olm_C005a,green,olemots,3,"Carte Noire","Carte Noire","Carte Noire"
olm,olm_C005b,green,olemots,3,"McDonald’s","McDonald’s","McDonald’s"
olm,olm_C006a,green,olemots,3,"Vans","Vans","Vans"
olm,olm_C006b,green,olemots,3,"Quick","Quick","Quick"
olm,olm_C007a,green,olemots,3,"Auchan","Auchan","Auchan"
olm,olm_C007b,green,olemots,3,"Haribo","Haribo","Haribo"
olm,olm_C008a,green,olemots,3,"Michel et Augustin","Michel et Augustin","Michel et Augustin"
olm,olm_C008b,green,olemots,3,"Shein","Shein","Shein"
olm,olm_C009a,green,olemots,3,"H&M","H&M","H&M"
olm,olm_C009b,green,olemots,3,"Panzani","Panzani","Panzani"
olm,olm_C010a,green,olemots,3,"Royal Canin","Royal Canin","Royal Canin"
olm,olm_C010b,green,olemots,3,"Google","Google","Google"
olm,olm_C011a,green,olemots,3,"Zara","Zara","Zara"
olm,olm_C011b,green,olemots,3,"Subway","Subway","Subway"
olm,olm_C012a,green,olemots,3,"Yves Rocher","Yves Rocher","Yves Rocher"
olm,olm_C012b,green,olemots,3,"La Poste","La Poste","La Poste"
olm,olm_C013a,green,olemots,3,"Leboncoin","Leboncoin","Leboncoin"
olm,olm_C013b,green,olemots,3,"Nesquik","Nesquik","Nesquik"
olm,olm_C014a,green,olemots,3,"Old El Paso","Old El Paso","Old El Paso"
olm,olm_C014b,green,olemots,3,"Andros","Andros","Andros"
olm,olm_C015a,green,olemots,3,"Blédina","Blédina","Blédina"
olm,olm_C015b,green,olemots,3,"Optic 2000","Optic 2000","Optic 2000"
olm,olm_C016a,green,olemots,3,"Veepee","Veepee","Veepee"
olm,olm_C016b,green,olemots,3,"Louis Vuitton","Louis Vuitton","Louis Vuitton"

olm,olm_C400a,orange,olemimes,1,"Une poule","A chicken","Una gallina"
olm,olm_C400b,orange,olemimes,1,"Chanter","To sing","Cantar"
olm,olm_C401a,orange,olemimes,1,"Couper des oignons","Cutting onions","Cortar cebollas"
olm,olm_C401b,orange,olemimes,1,"Se coincer les doigts dans une porte","Getting fingers caught in a door","Pillarse los dedos con una puerta"
olm,olm_C402a,orange,olemimes,1,"Prendre un ascenseur","Taking an elevator","Tomar un ascensor"
olm,olm_C402b,orange,olemimes,1,"Se bross rosser les dents","Brushing teeth","Cepillarse los dientes"
olm,olm_C403a,orange,olemimes,1,"Faire la roue","Doing a cartwheel","Hacer la voltereta"
olm,olm_C403b,orange,olemimes,1,"Nouer une cravate","Tying a tie","Anudarse una corbata"
olm,olm_C404a,orange,olemimes,1,"Laver les vitres","Cleaning windows","Limpiar ventanas"
olm,olm_C404b,orange,olemimes,1,"Chasser une mouche","Chasing a fly","Espantar una mosca"
olm,olm_C405a,orange,olemimes,1,"Faire des crêpes","Making pancakes","Hacer crepes"
olm,olm_C405b,orange,olemimes,1,"Jouer à Pierre-Feuille-Ciseau","Playing rock paper scissors","Jugar a piedra papel tijera"
olm,olm_C406a,orange,olemimes,1,"Se maquiller","Putting on makeup","Maquillarse"
olm,olm_C406b,orange,olemimes,1,"Tir à la corde","Tug of war","Tira y afloja"
olm,olm_C407a,orange,olemimes,1,"Descendre les escaliers","Going down the stairs","Bajar las escaleras"
olm,olm_C407b,orange,olemimes,1,"étanque Jouer à la péta","Playing pétanque","Jugar a la petanca"
olm,olm_C408a,orange,olemimes,1,"Faire du hula hoop","Using a hula hoop","Hacer hula hoop"
olm,olm_C408b,orange,olemimes,1,"de boules de neige Faire une bataille","Having a snowball fight","Hacer una batalla de bolas de nieve"
olm,olm_C409a,orange,olemimes,1,"Mettre de l'anti-moustique","Applying mosquito repellent","Ponerse repelente de mosquitos"
olm,olm_C409b,orange,olemimes,1,"Monter une tente","Setting up a tent","Montar una tienda de campaña"
olm,olm_C410a,orange,olemimes,1,"Vérifier qu'on ne sent pas la transpiration","Checking if you smell of sweat","Comprobar si hueles a sudor"
olm,olm_C410b,orange,olemimes,1,"Cracher du feu","Breathing fire","Escupir fuego"
olm,olm_C411a,orange,olemimes,1,"Faire du roller","Roller skating","Patinar"
olm,olm_C411b,orange,olemimes,1,"Faire des oreilles de lapin","Making bunny ears","Hacer orejas de conejo"
olm,olm_C412a,orange,olemimes,1,"Faire du jet-ski","Jet skiing","Hacer jet ski"
olm,olm_C412b,orange,olemimes,1,"Commander un taxi","Calling a taxi","Pedir un taxi"
olm,olm_C413a,orange,olemimes,1,"Jouer aux échecs","Playing chess","Jugar al ajedrez"
olm,olm_C413b,orange,olemimes,1,"Faire le robot","Doing the robot dance","Bailar como un robot"
olm,olm_C414a,orange,olemimes,1,"S'épiler","Removing hair","Depilarse"
olm,olm_C414b,orange,olemimes,1,"de conserve Ouvrir une boîte","Opening a can","Abrir una lata"
olm,olm_C415a,orange,olemimes,1,"Changer une ampoule","Changing a light bulb","Cambiar una bombilla"
olm,olm_C415b,orange,olemimes,1,"Éplucher une banane","Peeling a banana","Pelar un plátano"
olm,olm_C416a,orange,olemimes,1,"Présenter la météo","Presenting the weather forecast","Presentar el tiempo"
olm,olm_C416b,orange,olemimes,1,"Faire ses lacets","Tying shoelaces","Atarse los cordones"
olm,olm_C417a,orange,olemimes,1,"Ouvrir le chan hampagne","Opening a champagne bottle","Abrir una botella de champán"
olm,olm_C417b,orange,olemimes,1,"Prendre un Tire-fesses (au ski)","Using a ski lift","Subirse a un telesquí"
olm,olm_C418a,orange,olemimes,1,"S'évanouir","Fainting","Desmayarse"
olm,olm_C418b,orange,olemimes,1,"Presser une orange","Squeezing an orange","Exprimir una naranja"
olm,olm_C419a,orange,olemimes,1,"Goûter du vin","Tasting wine","Probar vino"
olm,olm_C419b,orange,olemimes,1,"Dessiner","Drawing","Dibujar"
olm,olm_C420a,orange,olemimes,1,"Se percer les oreilles","Getting ears pierced","Perforarse las orejas"
olm,olm_C420b,orange,olemimes,1,"Trinquer","Clinking glasses","Brindar"
olm,olm_C421a,orange,olemimes,1,"Faire de l'auto-stop","Hitchhiking","Hacer autostop"
olm,olm_C421b,orange,olemimes,1,"Arroser les plantes","Watering plants","Regar las plantas"
olm,olm_C422a,orange,olemimes,1,"Faire la courte échelle","Giving a leg up","Hacer la escalera humana"
olm,olm_C422b,orange,olemimes,1,"Se garer en créneau","Parallel parking","Aparcar en paralelo"
olm,olm_C423a,orange,olemimes,1,"à l'élastique Faire du saut","Jumping rope (elastic)","Saltar a la goma"
olm,olm_C423b,orange,olemimes,1,"Marcher avec des béquilles","Walking with crutches","Caminar con muletas"
olm,olm_C424a,orange,olemimes,1,"Dormir","Sleeping","Dormir"
olm,olm_C424b,orange,olemimes,1,"Gonfler un ballon","Inflating a balloon","Inflar un globo"
olm,olm_C425a,orange,olemimes,1,"Faire un barbecue","Having a barbecue","Hacer una barbacoa"
olm,olm_C425b,orange,olemimes,1,"Repasser","Ironing clothes","Planchar"
olm,olm_C426a,orange,olemimes,1,"Trébucher","Tripping","Tropezar"
olm,olm_C426b,orange,olemimes,1,"Jongler","Juggling","Hacer malabares"
olm,olm_C427a,orange,olemimes,1,"Faire des ombres chinoises","Making shadow puppets","Hacer sombras chinescas"
olm,olm_C427b,orange,olemimes,1,"Jouer au lance-pierre","Using a slingshot","Usar una honda"
olm,olm_C428a,orange,olemimes,1,"Faire du bouche à bouche","Performing mouth-to-mouth","Hacer respiración boca a boca"
olm,olm_C428b,orange,olemimes,1,"Faire un selfie","Taking a selfie","Hacerse un selfie"
olm,olm_C429a,orange,olemimes,1,"Être dans un grand huit","Riding a roller coaster","Estar en una montaña rusa"
olm,olm_C429b,orange,olemimes,1,"Faire un clin d'œil","Winking","Guiñar un ojo"
olm,olm_C430a,orange,olemimes,1,"Gagner avec un ticket à gratter","Winning with a scratch card","Ganar con un rasca y gana"
olm,olm_C430b,orange,olemimes,1,"Marcher en talon","Walking in high heels","Caminar con tacones"
olm,olm_C431a,orange,olemimes,1,"Essorer une serviette","Wringing a towel","Escurrir una toalla"
olm,olm_C431b,orange,olemimes,1,"Désamorcer une bombe","Defusing a bomb","Desactivar una bomba"
olm,olm_C432a,orange,olemimes,1,"Se lisser les cheveux","Straightening hair","Alisarse el pelo"
olm,olm_C432b,orange,olemimes,1,"Faire une bulle de chewing-gum","Blowing a bubblegum bubble","Hacer una burbuja de chicle"
olm,olm_C433a,orange,olemimes,1,"Être ivre","Being drunk","Estar borracho"
olm,olm_C433b,orange,olemimes,1,"Jouer à 1, 2, 3 Soleil","Playing Red Light Green Light","Jugar al 1, 2, 3 escondite inglés"
olm,olm_C434a,orange,olemimes,1,"Changer une couche","Changing a diaper","Cambiar un pañal"
olm,olm_C434b,orange,olemimes,1,"Traire une vache","Milking a cow","Ordeñar una vaca"
olm,olm_C435a,orange,olemimes,1,"Danser la mac acarena","Dancing the Macarena","Bailar la Macarena"
olm,olm_C435b,orange,olemimes,1,"Faire la planche","Planking","Hacer la plancha"
olm,olm_C436a,orange,olemimes,1,"Jouer aux fléchettes","Playing darts","Jugar a los dardos"
olm,olm_C436b,orange,olemimes,1,"Faire des ricochets","Skipping stones","Hacer saltar piedras"
olm,olm_C437a,orange,olemimes,1,"Faire du ven entriglisse","Water sliding","Deslizarse por un tobogán acuático"
olm,olm_C437b,orange,olemimes,1,"Faire un tour de magie","Doing a magic trick","Hacer un truco de magia"
olm,olm_C438a,orange,olemimes,1,"Bisou esqu quimau","Eskimo kiss","Beso esquimal"
olm,olm_C438b,orange,olemimes,1,"Jouer avec un yoyo","Playing with a yo-yo","Jugar con un yoyó"
olm,olm_C439a,orange,olemimes,1,"S'asseoir sur un cactus","Sitting on a cactus","Sentarse en un cactus"
olm,olm_C439b,orange,olemimes,1,"Ventriloque","Ventriloquism","Ventriloquia"
olm,olm_C440a,orange,olemimes,1,"Cuisiner","Cooking","Cocinar"
olm,olm_C440b,orange,olemimes,1,"S'étouffer","Choking","Atragantarse"
olm,olm_C441a,orange,olemimes,1,"Jouer du piano","Playing the piano","Tocar el piano"
olm,olm_C441b,orange,olemimes,1,"Ouvrir un parapluie","Opening an umbrella","Abrir un paraguas"
olm,olm_C442a,orange,olemimes,1,"Danser","Dancing","Bailar"
olm,olm_C442b,orange,olemimes,1,"Faire une randonnée","Going hiking","Hacer senderismo"
olm,olm_C443a,orange,olemimes,1,"Se limer les ongles","Filing nails","Limarse las uñas"
olm,olm_C443b,orange,olemimes,1,"Accoucher","Giving birth","Dar a luz"
olm,olm_C444a,orange,olemimes,1,"Passer l'aspirateur","Vacuuming","Pasar la aspiradora"
olm,olm_C444b,orange,olemimes,1,"Donner son sang","Donating blood","Donar sangre"
olm,olm_C445a,orange,olemimes,1,"Jouer à \"Je te tiens, tu me tiens...\"","Playing \"Je te tiens, tu me tiens\"","Jugar a \"te tengo, me tienes\""
olm,olm_C445b,orange,olemimes,1,"Lancer un avion en papier","Throwing a paper airplane","Lanzar un avión de papel"
olm,olm_C446a,orange,olemimes,1,"Lécher une glace","Licking an ice cream","Lamer un helado"
olm,olm_C446b,orange,olemimes,1,"Faire du Paintball","Playing paintball","Jugar al paintball"
olm,olm_C447a,orange,olemimes,1,"Allumer une bougie","Lighting a candle","Encender una vela"
olm,olm_C447b,orange,olemimes,1,"Demander en mariage","Proposing marriage","Pedir matrimonio"

olm,olm_C001a,orange,olemimes,2,"Tennis","Tennis","Tenis"
olm,olm_C001b,orange,olemimes,2,"Babyfoot","Table football","Futbolín"
olm,olm_C002a,orange,olemimes,2,"E-sport","Esports","Esports"
olm,olm_C002b,orange,olemimes,2,"Lancer de javelot","Javelin throw","Lanzamiento de jabalina"
olm,olm_C003a,orange,olemimes,2,"Aquabike","Aquabike","Aquabike"
olm,olm_C003b,orange,olemimes,2,"Formule 1","Formula 1","Fórmula 1"
olm,olm_C004a,orange,olemimes,2,"Boxe thaïlandaise","Muay Thai","Muay Thai"
olm,olm_C004b,orange,olemimes,2,"Beach volley","Beach volleyball","Vóley playa"
olm,olm_C005a,orange,olemimes,2,"Roller","Roller skating","Patinaje"
olm,olm_C005b,orange,olemimes,2,"Triathlon","Triathlon","Triatlón"
olm,olm_C006a,orange,olemimes,2,"Claquettes","Tap dance","Claqué"
olm,olm_C006b,orange,olemimes,2,"Rallye","Rally racing","Rally"
olm,olm_C007a,orange,olemimes,2,"Karaté","Karate","Karate"
olm,olm_C007b,orange,olemimes,2,"Nager","Swimming","Nadar"
olm,olm_C008a,orange,olemimes,2,"Pêcher","Fishing","Pescar"
olm,olm_C008b,orange,olemimes,2,"Saut en parachute","Skydiving","Paracaidismo"
olm,olm_C009a,orange,olemimes,2,"Cyclisme","Cycling","Ciclismo"
olm,olm_C009b,orange,olemimes,2,"Baseball","Baseball","Béisbol"
olm,olm_C010a,orange,olemimes,2,"Curling","Curling","Curling"
olm,olm_C010b,orange,olemimes,2,"Squash","Squash","Squash"
olm,olm_C011a,orange,olemimes,2,"wilding","Wilderness survival","Supervivencia salvaje"
olm,olm_C011b,orange,olemimes,2,"Ski nautique","Water skiing","Esquí acuático"
olm,olm_C012a,orange,olemimes,2,"Le water-polo","Water polo","Waterpolo"
olm,olm_C012b,orange,olemimes,2,"Skateboard","Skateboarding","Skateboard"
olm,olm_C013a,orange,olemimes,2,"abdos","Sit-ups","Abdominales"
olm,olm_C013b,orange,olemimes,2,"Corde à sauter","Jump rope","Saltar la cuerda"
olm,olm_C014a,orange,olemimes,2,"Bras de fer","Arm wrestling","Pulseada"
olm,olm_C014b,orange,olemimes,2,"Vélo","Cycling","Ciclismo"
olm,olm_C015a,orange,olemimes,2,"Saut rche à la perch","Pole vault","Salto con pértiga"
olm,olm_C015b,orange,olemimes,2,"Bo","Martial arts staff","Bō"
olm,olm_C016a,orange,olemimes,2,"100m haies/110m haies","Hurdles race","Carrera de vallas"
olm,olm_C016b,orange,olemimes,2,"Biathlon","Biathlon","Biatlón"
olm,olm_C017a,orange,olemimes,2,"Plongée sous marine","Scuba diving","Buceo"
olm,olm_C017b,orange,olemimes,2,"Rugby","Rugby","Rugby"
olm,olm_C018a,orange,olemimes,2,"VTT","Mountain biking","Ciclismo de montaña"
olm,olm_C018b,orange,olemimes,2,"Bowling","Bowling","Boliche"
olm,olm_C019a,orange,olemimes,2,"Faire du bodybuilding","Bodybuilding","Culturismo"
olm,olm_C019b,orange,olemimes,2,"Badminton","Badminton","Bádminton"
olm,olm_C020a,orange,olemimes,2,"Football","Soccer","Fútbol"
olm,olm_C020b,orange,olemimes,2,"Kung fu","Kung Fu","Kung Fu"



olm,olm_C001a,pink,olesons,1,"Sweet Dreams - Eurythmics","Sweet Dreams - Eurythmics"
olm,olm_C001b,pink,olesons,1,"Ma philosophie - Amel Bent","Ma philosophie - Amel Bent"
olm,olm_C002a,pink,olesons,1,"All I Want for Christmas Is You - Mariah Carey","All I Want for Christmas Is You - Mariah Carey"
olm,olm_C002b,pink,olesons,1,"As It Was - Harry Styles","As It Was - Harry Styles"
olm,olm_C003a,pink,olesons,1,"Voyage voyage - Desireless","Voyage voyage - Desirele"
olm,olm_C003b,pink,olesons,1,"Il était un petit navire - Comptine","Il était un petit navire - Traditional"
olm,olm_C004a,pink,olesons,1,"Popcorn salé - Santa","Popcorn salé - Santa"
olm,olm_C004b,pink,olesons,1,"Ce rêve bleu - Aladdin","Ce rêve bleu - Aladdin"
olm,olm_C005a,pink,olesons,1,"Alexandrie Alexandra - Claude François","Alexandrie Alexandra - Claude François"
olm,olm_C005b,pink,olesons,1,"Un jour je marierai un ange - Pierre de Maere","Un jour je marierai un ange - Pierre de Maere"
olm,olm_C006a,pink,olesons,1,"Titanium - David Guetta ft. Sia","Titanium - David Guetta ft. Sia"
olm,olm_C006b,pink,olesons,1,"Inspecteur Gadget - Générique","Inspector Gadget - Theme"
olm,olm_C007a,pink,olesons,1,"Someone Like You - Adele","Someone Like You - Adele"
olm,olm_C007b,pink,olesons,1,"Alouette gentille alouette - Comptine","Alouette - Traditional"
olm,olm_C008a,pink,olesons,1,"Petit Papa Noël - Tino Rossi","Petit Papa Noël - Tino Rossi"
olm,olm_C008b,pink,olesons,1,"The Ketchup Song - Las Ketchup","The Ketchup Song - Las Ketchup"
olm,olm_C009a,pink,olesons,1,"Toi + moi - Grégoire","Toi + moi - Grégoire"
olm,olm_C009b,pink,olesons,1,"Un jour mon prince viendra - Blanche-Neige","Someday My Prince Will Come - Snow White"
olm,olm_C010a,pink,olesons,1,"Balance ton quoi - Angèle","Balance ton quoi - Angèle"
olm,olm_C010b,pink,olesons,1,"Allumer le feu - Johnny Hallyday","Allumer le feu - Johnny Hallyday"
olm,olm_C011a,pink,olesons,1,"Call Me Maybe - Carly Rae Jepsen","Call Me Maybe - Carly Rae Jepsen"
olm,olm_C011b,pink,olesons,1,"I Gotta Feeling - Black Eyed Peas","I Gotta Feeling - Black Eyed Peas"
olm,olm_C012a,pink,olesons,1,"La panthère rose - Henry Mancini","The Pink Panther - Henry Mancini"
olm,olm_C012b,pink,olesons,1,"Djadja - Aya Nakamura","Djadja - Aya Nakamura"
olm,olm_C013a,pink,olesons,1,"Emmenez-moi - Charles Aznavour","Emmenez-me - Charles Aznavour"
olm,olm_C013b,pink,olesons,1,"Whenever, Wherever - Shakira","Whenever, Wherever - Shakira"
olm,olm_C014a,pink,olesons,1,"Bohemian Rhapsody - Queen","Bohemian Rhapsody - Queen"
olm,olm_C014b,pink,olesons,1,"Mignon mignon - René la Taupe","Mignon mignon - René la Taupe"
olm,olm_C015a,pink,olesons,1,"Oops!... I Did It Again - Britney Spears","Oops!... I Did It Again - Britney Spears"
olm,olm_C015b,pink,olesons,1,"Bad Romance - Lady Gaga","Bad Romance - Lady Gaga"
olm,olm_C016a,pink,olesons,1,"Sous l’océan - La Petite Sirène","Under the Sea - The Little Mermaid"
olm,olm_C016b,pink,olesons,1,"Nightcall - Kavinsky","Nightcall - Kavinsky"
olm,olm_C240a,pink,olesons,1,"I kissed a girl - Katy Perry","I kissed a girl - Katy Perry","I kissed a girl - Katy Perry"
olm,olm_C240b,pink,olesons,1,"Shake it Off - Taylor Swift","Shake it Off - Taylor Swift","Shake it Off - Taylor Swift"
olm,olm_C241a,pink,olesons,1,"Ramenez la coupe à la maison - Vegedream","Ramenez la coupe à la maison - Vegedream","Ramenez la coupe à la maison - Vegedream"
olm,olm_C241b,pink,olesons,1,"Sapés comme jamais - Gims","Sapés comme jamais - Gims","Sapés comme jamais - Gims"
olm,olm_C242a,pink,olesons,1,"Blinding Lights - The Weeknd","Blinding Lights - The Weeknd","Blinding Lights - The Weeknd"
olm,olm_C242b,pink,olesons,1,"Tomber la chemise - Zebda","Tomber la chemise - Zebda","Tomber la chemise - Zebda"
olm,olm_C243a,pink,olesons,1,"Baby - Justin Bieber","Baby - Justin Bieber","Baby - Justin Bieber"
olm,olm_C243b,pink,olesons,1,"L'air du vent - Pocahontas","L'air du vent - Pocahontas","L'air du vent - Pocahontas"
olm,olm_C244a,pink,olesons,1,"La boulette - Diam's","La boulette - Diam's","La boulette - Diam's"
olm,olm_C244b,pink,olesons,1,"No woman no cry - Bob Marley","No woman no cry - Bob Marley","No woman no cry - Bob Marley"
olm,olm_C245a,pink,olesons,1,"L'Aziza - Daniel Balavoine","L'Aziza - Daniel Balavoine","L'Aziza - Daniel Balavoine"
olm,olm_C245b,pink,olesons,1,"La Tribu de Dana - Manau","La Tribu de Dana - Manau","La Tribu de Dana - Manau"
olm,olm_C246a,pink,olesons,1,"Happy - Pharrell Williams","Happy - Pharrell Williams","Happy - Pharrell Williams"
olm,olm_C246b,pink,olesons,1,"Ces soirées-là - Yannick","Ces soirées-là - Yannick","Ces soirées-là - Yannick"
olm,olm_C247a,pink,olesons,1,"I will survive - Gloria Gaynor","I will survive - Gloria Gaynor","I will survive - Gloria Gaynor"
olm,olm_C247b,pink,olesons,1,"I'm Blue (Da ba dee) - Eiffel 65","I'm Blue (Da ba dee) - Eiffel 65","I'm Blue (Da ba dee) - Eiffel 65"
olm,olm_C248a,pink,olesons,1,"Gimme! Gimme! Gimme! - ABBA","Gimme! Gimme! Gimme! - ABBA","Gimme! Gimme! Gimme! - ABBA"
olm,olm_C248b,pink,olesons,1,"Shallow - Bradley Cooper & Lady Gaga","Shallow - Bradley Cooper & Lady Gaga","Shallow - Bradley Cooper & Lady Gaga"
olm,olm_C249a,pink,olesons,1,"Bella Ciao - El Profesor","Bella Ciao - El Profesor","Bella Ciao - El Profesor"
olm,olm_C249b,pink,olesons,1,"Le dernier jour du disco - Juliette Armanet","Le dernier jour du disco - Juliette Armanet","Le dernier jour du disco - Juliette Armanet"
olm,olm_C250a,pink,olesons,1,"Ça m'énerve - Helmut Fritz","Ça m'énerve - Helmut Fritz","Ça m'énerve - Helmut Fritz"
olm,olm_C250b,pink,olesons,1,"Magic in the air - Magic System","Magic in the air - Magic System","Magic in the air - Magic System"
olm,olm_C251a,pink,olesons,1,"Sous le vent - Garou et Céline Dion","Sous le vent - Garou et Céline Dion","Sous le vent - Garou et Céline Dion"
olm,olm_C251b,pink,olesons,1,"Je t'aime - Lara Fabian","Je t'aime - Lara Fabian","Je t'aime - Lara Fabian"
olm,olm_C252a,pink,olesons,1,"Despacito - Luis Fonsi","Despacito - Luis Fonsi","Despacito - Luis Fonsi"
olm,olm_C252b,pink,olesons,1,"Thriller - Michael Jackson","Thriller - Michael Jackson","Thriller - Michael Jackson"
olm,olm_C253a,pink,olesons,1,"Say my Name - Destiny's Child","Say my Name - Destiny's Child","Say my Name - Destiny's Child"
olm,olm_C253b,pink,olesons,1,"La Marseillaise - Rouget de Lisle","La Marseillaise - Rouget de Lisle","La Marseillaise - Rouget de Lisle"
olm,olm_C254a,pink,olesons,1,"Single ladies (put a ring on it) - Beyoncé","Single ladies (put a ring on it) - Beyoncé","Single ladies (put a ring on it) - Beyoncé"
olm,olm_C254b,pink,olesons,1,"Toxic - Britney Spears","Toxic - Britney Spears","Toxic - Britney Spears"
olm,olm_C255a,pink,olesons,1,"La kiffance - Naps","La kiffance - Naps","La kiffance - Naps"
olm,olm_C255b,pink,olesons,1,"Goodbye my lover - James Blunt","Goodbye my lover - James Blunt","Goodbye my lover - James Blunt"
olm,olm_C256a,pink,olesons,1,"Macarena - Los Del Rio","Macarena - Los Del Rio","Macarena - Los Del Rio"
olm,olm_C256b,pink,olesons,1,"J'irai où tu iras - Céline Dion & Jean-Jacques Goldman","J'irai où tu iras - Céline Dion & Jean-Jacques Goldman","J'irai où tu iras - Céline Dion & Jean-Jacques Goldman"
olm,olm_C257a,pink,olesons,1,"Laissez-moi danser - Dalida","Laissez-moi danser - Dalida","Laissez-moi danser - Dalida"
olm,olm_C257b,pink,olesons,1,"Umbrella - Rihanna et Jay-Z","Umbrella - Rihanna et Jay-Z","Umbrella - Rihanna et Jay-Z"
olm,olm_C258a,pink,olesons,1,"Y.M.C.A. - Village People","Y.M.C.A. - Village People","Y.M.C.A. - Village People"
olm,olm_C258b,pink,olesons,1,"Générique des Simpsons - Générique","Générique des Simpsons - Générique","Générique des Simpsons - Générique"
olm,olm_C259a,pink,olesons,1,"Billie Jean - Michael Jackson","Billie Jean - Michael Jackson","Billie Jean - Michael Jackson"
olm,olm_C259b,pink,olesons,1,"Angela - Saïan Supa Crew / Hatik","Angela - Saïan Supa Crew / Hatik","Angela - Saïan Supa Crew / Hatik"
olm,olm_C260a,pink,olesons,1,"Générique de Friends - Générique","Générique de Friends - Générique","Générique de Friends - Générique"
olm,olm_C260b,pink,olesons,1,"Freed from desire - Gala","Freed from desire - Gala","Freed from desire - Gala"
olm,olm_C261a,pink,olesons,1,"Waka Waka - Shakira","Waka Waka - Shakira","Waka Waka - Shakira"
olm,olm_C261b,pink,olesons,1,"Résiste - France Gall","Résiste - France Gall","Résiste - France Gall"
olm,olm_C262a,pink,olesons,1,"On va s'aimer - Gilbert Montagné","On va s'aimer - Gilbert Montagné","On va s'aimer - Gilbert Montagné"
olm,olm_C262b,pink,olesons,1,"Wonderwall - Oasis","Wonderwall - Oasis","Wonderwall - Oasis"
olm,olm_C263a,pink,olesons,1,"Like a Virgin - Madonna","Like a Virgin - Madonna","Like a Virgin - Madonna"
olm,olm_C263b,pink,olesons,1,"Wannabe - Spice Girls","Wannabe - Spice Girls","Wannabe - Spice Girls"
olm,olm_C264a,pink,olesons,1,"Mistral gagnant - Renaud","Mistral gagnant - Renaud","Mistral gagnant - Renaud"
olm,olm_C264b,pink,olesons,1,"Poker Face - Lady Gaga","Poker Face - Lady Gaga","Poker Face - Lady Gaga"
olm,olm_C265a,pink,olesons,1,"Sur ma route - Black M","Sur ma route - Black M","Sur ma route - Black M"
olm,olm_C265b,pink,olesons,1,"I'm So Excited - The Pointer Sisters","I'm So Excited - The Pointer Sisters","I'm So Excited - The Pointer Sisters"
olm,olm_C266a,pink,olesons,1,"Relax, take it easy - MIKA","Relax, take it easy - MIKA","Relax, take it easy - MIKA"
olm,olm_C266b,pink,olesons,1,"La vie en rose - Edith Piaf","La vie en rose - Edith Piaf","La vie en rose - Edith Piaf"
olm,olm_C267a,pink,olesons,1,"Libérée, délivrée - La Reine des Neiges","Libérée, délivrée - La Reine des Neiges","Libérée, délivrée - La Reine des Neiges"
olm,olm_C267b,pink,olesons,1,"Chandelier - Sia","Chandelier - Sia","Chandelier - Sia"
olm,olm_C268a,pink,olesons,1,"Juste une photo de toi - M. Pokora","Juste une photo de toi - M. Pokora","Juste une photo de toi - M. Pokora"
olm,olm_C268b,pink,olesons,1,"Les Champs-Elysées - Joe Dassin","Les Champs-Elysées - Joe Dassin","Les Champs-Elysées - Joe Dassin"
olm,olm_C269a,pink,olesons,1,"Et c'est parti - Nadiya","Et c'est parti - Nadiya","Et c'est parti - Nadiya"
olm,olm_C269b,pink,olesons,1,"Le temps - Tayc","Le temps - Tayc","Le temps - Tayc"
olm,olm_C270a,pink,olesons,1,"Je l'aime à mourir - Francis Cabrel","Je l'aime à mourir - Francis Cabrel","Je l'aime à mourir - Francis Cabrel"
olm,olm_C270b,pink,olesons,1,"The Sound of Silence - Simon & Garfunkel / Disturbed","The Sound of Silence - Simon & Garfunkel / Disturbed","The Sound of Silence - Simon & Garfunkel / Disturbed"
olm,olm_C271a,pink,olesons,1,"Shape of you - Ed Sheeran","Shape of you - Ed Sheeran","Shape of you - Ed Sheeran"



olm,olm_C201a,pink,olesons,3,"Donne-moi ton cœur, baby, ton corps baby... donne-moi ton bon vieux funk, ton rock baby - Ophelie Winter","Donne-moi ton cœur, baby, ton corps baby... donne-moi ton bon vieux funk, ton rock baby - Ophelie Winter","Donne-moi ton cœur, baby, ton corps baby... donne-moi ton bon vieux funk, ton rock baby - Ophelie Winter"
olm,olm_C201b,pink,olesons,3,"Joe le taxi ... c'est sa vie - Vanessa Paradis","Joe le taxi ... c'est sa vie - Vanessa Paradis","Joe le taxi ... c'est sa vie - Vanessa Paradis"
olm,olm_C202a,pink,olesons,3,"j'ai deux amis qui Le temps est bon, le ciel est bleu... sont aussi mes amoureux - Bon Entendeur","j'ai deux amis qui Le temps est bon, le ciel est bleu... sont aussi mes amoureux - Bon Entendeur","j'ai deux amis qui Le temps est bon, le ciel est bleu... sont aussi mes amoureux - Bon Entendeur"
olm,olm_C202b,pink,olesons,3,"cha cha cha C'est l'amour à la plage ... ah-ouh, - Niagara","cha cha cha C'est l'amour à la plage ... ah-ouh, - Niagara","cha cha cha C'est l'amour à la plage ... ah-ouh, - Niagara"
olm,olm_C203a,pink,olesons,3,"Je t'aime, je t'aime... comme un fou, comme un soldat, comme une star de cinéma - Lara Fabian","Je t'aime, je t'aime... comme un fou, comme un soldat, comme une star de cinéma - Lara Fabian","Je t'aime, je t'aime... comme un fou, comme un soldat, comme une star de cinéma - Lara Fabian"
olm,olm_C203b,pink,olesons,3,"Je viens du ciel et les étoiles entre elles... ne parlent que de toi - Téléphone","Je viens du ciel et les étoiles entre elles... ne parlent que de toi - Téléphone","Je viens du ciel et les étoiles entre elles... ne parlent que de toi - Téléphone"
olm,olm_C204a,pink,olesons,3,"Il jouait du piano debout... - Michel Berger","Il jouait du piano debout... - Michel Berger","Il jouait du piano debout... - Michel Berger"
olm,olm_C204b,pink,olesons,3,"Comme si j'n'existais pas... elle est passée à côté de moi - Mylène Farmer","Comme si j'n'existais pas... elle est passée à côté de moi - Mylène Farmer","Comme si j'n'existais pas... elle est passée à côté de moi - Mylène Farmer"
olm,olm_C205a,pink,olesons,3,"Non... rien de rien ... non je ne regrette rien - Edith Piaf","Non... rien de rien ... non je ne regrette rien - Edith Piaf","Non... rien de rien ... non je ne regrette rien - Edith Piaf"
olm,olm_C205b,pink,olesons,3,"A la pêche aux moules, moules, maman - Comptine","A la pêche aux moules, moules, maman - Comptine","A la pêche aux moules, moules, maman - Comptine"
olm,olm_C206a,pink,olesons,3,"Nous on fait l'amour on vit la vie... jour après jour, nuit après nuit - Sinsemilia","Nous on fait l'amour on vit la vie... jour après jour, nuit après nuit - Sinsemilia","Nous on fait l'amour on vit la vie... jour après jour, nuit après nuit - Sinsemilia"
olm,olm_C206b,pink,olesons,3,"Laisse moi zoom zoom zang.... dans ta Benz Benz Benz - Suprême NTM","Laisse moi zoom zoom zang.... dans ta Benz Benz Benz - Suprême NTM","Laisse moi zoom zoom zang.... dans ta Benz Benz Benz - Suprême NTM"
olm,olm_C207a,pink,olesons,3,"Et si tu n'existais pas... dis-moi - Joe Dassin","Et si tu n'existais pas... dis-moi - Joe Dassin","Et si tu n'existais pas... dis-moi - Joe Dassin"
olm,olm_C207b,pink,olesons,3,"On vous souhaite tout le bonheur du monde... - Sinsemilia","On vous souhaite tout le bonheur du monde... - Sinsemilia","On vous souhaite tout le bonheur du monde... - Sinsemilia"
olm,olm_C208a,pink,olesons,3,"Je rêvais d'un autre monde... où la terre serait ronde - Téléphone","Je rêvais d'un autre monde... où la terre serait ronde - Téléphone","Je rêvais d'un autre monde... où la terre serait ronde - Téléphone"
olm,olm_C208b,pink,olesons,3,"Cette année-là... je chantais pour la première fois - Claude François","Cette année-là... je chantais pour la première fois - Claude François","Cette année-là... je chantais pour la première fois - Claude François"
olm,olm_C209a,pink,olesons,3,"En apesanteur Ah aaaaaah, ah ah aaaaah - Calogero","En apesanteur Ah aaaaaah, ah ah aaaaah - Calogero","En apesanteur Ah aaaaaah, ah ah aaaaah - Calogero"
olm,olm_C209b,pink,olesons,3,"Il est venu le temps des cathédrales... - Bruno Pelletier","Il est venu le temps des cathédrales... - Bruno Pelletier","Il est venu le temps des cathédrales... - Bruno Pelletier"
olm,olm_C210a,pink,olesons,3,"Au clair de la lune, mon ami Pierrot prête-moi ta plume, pour un mot écrire - Comptine","Au clair de la lune, mon ami Pierrot prête-moi ta plume, pour un mot écrire - Comptine","Au clair de la lune, mon ami Pierrot prête-moi ta plume, pour un mot écrire - Comptine"
olm,olm_C210b,pink,olesons,3,"Le monde entier est un cactus, il est impossible de s'asseoir - Jacques Dutronc","Le monde entier est un cactus, il est impossible de s'asseoir - Jacques Dutronc","Le monde entier est un cactus, il est impossible de s'asseoir - Jacques Dutronc"
olm,olm_C211a,pink,olesons,3,"Besoin de rien, envie de toi... comme jamais envie de personne - Peter & Sloane","Besoin de rien, envie de toi... comme jamais envie de personne - Peter & Sloane","Besoin de rien, envie de toi... comme jamais envie de personne - Peter & Sloane"
olm,olm_C211b,pink,olesons,3,"Mes chers parents je pars... je vous aime mais je pars - Louane","Mes chers parents je pars... je vous aime mais je pars - Louane","Mes chers parents je pars... je vous aime mais je pars - Louane"
olm,olm_C212a,pink,olesons,3,"Une souris verte, qui courait it dans l'herbe... je l'attrape par la queue, je la montre à ces messieurs - Comptine","Une souris verte, qui courait it dans l'herbe... je l'attrape par la queue, je la montre à ces messieurs - Comptine","Une souris verte, qui courait it dans l'herbe... je l'attrape par la queue, je la montre à ces messieurs - Comptine"
olm,olm_C212b,pink,olesons,3,"Allez viens, je t'emmène je t'emmène au dessus au vent des gens - Johnny Hallyday","Allez viens, je t'emmène je t'emmène au dessus au vent des gens - Johnny Hallyday","Allez viens, je t'emmène je t'emmène au dessus au vent des gens - Johnny Hallyday"
olm,olm_C213a,pink,olesons,3,"On a tous quelque chose en nous de Tennessee - Michel Delpech","On a tous quelque chose en nous de Tennessee - Michel Delpech","On a tous quelque chose en nous de Tennessee - Michel Delpech"
olm,olm_C213b,pink,olesons,3,"Tinky Winky, Dipsy... Laa-laa, Po. - Générique","Tinky Winky, Dipsy... Laa-laa, Po. - Générique","Tinky Winky, Dipsy... Laa-laa, Po. - Générique"
olm,olm_C214a,pink,olesons,3,"Partenaire particulier cherche partenaire particulière ... - Partenaire Particulier","Partenaire particulier cherche partenaire particulière ... - Partenaire Particulier","Partenaire particulier cherche partenaire particulière ... - Partenaire Particulier"
olm,olm_C214b,pink,olesons,3,"Qui de nous deux ? (Qui de nous deux)... Inspire l'autre (inspire l'autre) - -M-","Qui de nous deux ? (Qui de nous deux)... Inspire l'autre (inspire l'autre) - -M-","Qui de nous deux ? (Qui de nous deux)... Inspire l'autre (inspire l'autre) - -M-"
olm,olm_C215a,pink,olesons,3,"Et tu chantes, chantes, chantes... ce refrain qui te plaît - Michel Sardou","Et tu chantes, chantes, chantes... ce refrain qui te plaît - Michel Sardou","Et tu chantes, chantes, chantes... ce refrain qui te plaît - Michel Sardou"
olm,olm_C215b,pink,olesons,3,"J'ai compris tous les mots, j'ai bien... compris, merci - Céline Dion","J'ai compris tous les mots, j'ai bien... compris, merci - Céline Dion","J'ai compris tous les mots, j'ai bien... compris, merci - Céline Dion"
olm,olm_C216a,pink,olesons,3,"Le ciel bleu sur nous peut s'écrouler s'effondrer... - Édith Piaf","Le ciel bleu sur nous peut s'écrouler s'effondrer... - Édith Piaf","Le ciel bleu sur nous peut s'écrouler s'effondrer... - Édith Piaf"
olm,olm_C216b,pink,olesons,3,"Ah ah ah ah ah ... staying alive - Bee Gees","Ah ah ah ah ah ... staying alive - Bee Gees","Ah ah ah ah ah ... staying alive - Bee Gees"
olm,olm_C217a,pink,olesons,3,"Blah, blah, blah, d'la pookie. Ferme la porte ... t'as la pookie dans I'sas - Aya Nakamura","Blah, blah, blah, d'la pookie. Ferme la porte ... t'as la pookie dans I'sas - Aya Nakamura","Blah, blah, blah, d'la pookie. Ferme la porte ... t'as la pookie dans I'sas - Aya Nakamura"
olm,olm_C217b,pink,olesons,3,"Viens danser... sous les sunlights des tropiques - Gilbert Montagné","Viens danser... sous les sunlights des tropiques - Gilbert Montagné","Viens danser... sous les sunlights des tropiques - Gilbert Montagné"
olm,olm_C218a,pink,olesons,3,"Je suis né dans cette caravane ... et nous partons allez viens, allez - Kendji Girac","Je suis né dans cette caravane ... et nous partons allez viens, allez - Kendji Girac","Je suis né dans cette caravane ... et nous partons allez viens, allez - Kendji Girac"
olm,olm_C218b,pink,olesons,3,"C'est un beau roman, c'est une belle histoire... c'est une romance d'aujourd'hui - Michel Fugain","C'est un beau roman, c'est une belle histoire... c'est une romance d'aujourd'hui - Michel Fugain","C'est un beau roman, c'est une belle histoire... c'est une romance d'aujourd'hui - Michel Fugain"
olm,olm_C219a,pink,olesons,3,"Je te donne toutes mes différences... tous ces défauts qui sont autant de chance - Calogero","Je te donne toutes mes différences... tous ces défauts qui sont autant de chance - Calogero","Je te donne toutes mes différences... tous ces défauts qui sont autant de chance - Calogero"
olm,olm_C219b,pink,olesons,3,"Pour un flirt avec toi... je ferais n'importe quoi - Michel Delpech","Pour un flirt avec toi... je ferais n'importe quoi - Michel Delpech","Pour un flirt avec toi... je ferais n'importe quoi - Michel Delpech"
olm,olm_C220a,pink,olesons,3,"Ils m'entraînent au bout de la nuit... les démons de minuit - Images","Ils m'entraînent au bout de la nuit... les démons de minuit - Images","Ils m'entraînent au bout de la nuit... les démons de minuit - Images"
olm,olm_C220b,pink,olesons,3,"C'est chelou, cette façon qu'elle a... de te regarder - Louise Attaque","C'est chelou, cette façon qu'elle a... de te regarder - Louise Attaque","C'est chelou, cette façon qu'elle a... de te regarder - Louise Attaque"
olm,olm_C221a,pink,olesons,3,"Je m'présente, je m'appelle Henri... j'voudrais bien réussir ma vie - Daniel Balavoine","Je m'présente, je m'appelle Henri... j'voudrais bien réussir ma vie - Daniel Balavoine","Je m'présente, je m'appelle Henri... j'voudrais bien réussir ma vie - Daniel Balavoine"
olm,olm_C221b,pink,olesons,3,"J'ai demandé à la lune... si tu voulais encore de moi - Indochine","J'ai demandé à la lune... si tu voulais encore de moi - Indochine","J'ai demandé à la lune... si tu voulais encore de moi - Indochine"
olm,olm_C222a,pink,olesons,3,"C'est ma direction, j'ai pété les plombs sans abandonner... - Sexion d'assaut","C'est ma direction, j'ai pété les plombs sans abandonner... - Sexion d'assaut","C'est ma direction, j'ai pété les plombs sans abandonner... - Sexion d'assaut"
olm,olm_C222b,pink,olesons,3,"Ce sera nous, dès demain ce sera nous, le chemin - Raphaël","Ce sera nous, dès demain ce sera nous, le chemin - Raphaël","Ce sera nous, dès demain ce sera nous, le chemin - Raphaël"
olm,olm_C223a,pink,olesons,3,"Alors ouais on déconne, ouais ouais on étonne... - Diam's","Alors ouais on déconne, ouais ouais on étonne... - Diam's","Alors ouais on déconne, ouais ouais on étonne... - Diam's"
olm,olm_C223b,pink,olesons,3,"Frère Jacques, frère Jacques... dormez-vous ? dormez-vous ? - Comptine","Frère Jacques, frère Jacques... dormez-vous ? dormez-vous ? - Comptine","Frère Jacques, frère Jacques... dormez-vous ? dormez-vous ? - Comptine"
olm,olm_C224a,pink,olesons,3,"Les dix commandements... - Les dix commandements","Les dix commandements... - Les dix commandements","Les dix commandements... - Les dix commandements"
olm,olm_C224b,pink,olesons,3,"Ce se sera nous dès demain... ce se sera nous le chemin - Koxie","Ce se sera nous dès demain... ce se sera nous le chemin - Koxie","Ce se sera nous dès demain... ce se sera nous le chemin - Koxie"
olm,olm_C225a,pink,olesons,3,"Garçon, si t'enlèves la cédille... fille ça fait garcon - Zazie","Garçon, si t'enlèves la cédille... fille ça fait garcon - Zazie","Garçon, si t'enlèves la cédille... fille ça fait garcon - Zazie"
olm,olm_C225b,pink,olesons,3,"Fous ta cagoule, fous ta cagoule... - Fatal Bazooka","Fous ta cagoule, fous ta cagoule... - Fatal Bazooka","Fous ta cagoule, fous ta cagoule... - Fatal Bazooka"
olm,olm_C226a,pink,olesons,3,"C'est pas ma faute, et quand je donne ma langue au chat... - Alizée","C'est pas ma faute, et quand je donne ma langue au chat... - Alizée","C'est pas ma faute, et quand je donne ma langue au chat... - Alizée"
olm,olm_C226b,pink,olesons,3,"Tu trouveras... mes blessures et mes faiblesses... - J. Clerc","Tu trouveras... mes blessures et mes faiblesses... - J. Clerc","Tu trouveras... mes blessures et mes faiblesses... - J. Clerc"
olm,olm_C227a,pink,olesons,3,"Tout est chaos, à côté... tous mes idéaux, des mots abîmés - Mylène Farmer","Tout est chaos, à côté... tous mes idéaux, des mots abîmés - Mylène Farmer","Tout est chaos, à côté... tous mes idéaux, des mots abîmés - Mylène Farmer"
olm,olm_C227b,pink,olesons,3,"Un jour j'irai à New York avec toi... - Téléphone","Un jour j'irai à New York avec toi... - Téléphone","Un jour j'irai à New York avec toi... - Téléphone"
olm,olm_C228a,pink,olesons,3,"Je suis une poupée de cire, une poupée de son - France Gall","Je suis une poupée de cire, une poupée de son - France Gall","Je suis une poupée de cire, une poupée de son - France Gall"
olm,olm_C228b,pink,olesons,3,"Femme des années 80... femme jusqu'au bout - Michel Sardou","Femme des années 80... femme jusqu'au bout - Michel Sardou","Femme des années 80... femme jusqu'au bout - Michel Sardou"
olm,olm_C229a,pink,olesons,3,"Décalécatan, décalécatan... ohé ohé - La Compagnie Créole","Décalécatan, décalécatan... ohé ohé - La Compagnie Créole","Décalécatan, décalécatan... ohé ohé - La Compagnie Créole"
olm,olm_C229b,pink,olesons,3,"Le lundi au soleil... qu'on n'aura jamais - Claude François","Le lundi au soleil... qu'on n'aura jamais - Claude François","Le lundi au soleil... qu'on n'aura jamais - Claude François"
olm,olm_C230a,pink,olesons,3,"Ce soir je serai la plus belle pour aller danser... - Dalida","Ce soir je serai la plus belle pour aller danser... - Dalida","Ce soir je serai la plus belle pour aller danser... - Dalida"
olm,olm_C230b,pink,olesons,3,"Pour aller danser le Jerk (x2)... sur de la musique pop - Thierry Hazard","Pour aller danser le Jerk (x2)... sur de la musique pop - Thierry Hazard","Pour aller danser le Jerk (x2)... sur de la musique pop - Thierry Hazard"
olm,olm_C231a,pink,olesons,3,"S'il suffisait qu'on s'aime, s'il... suffisait d'aimer - Céline Dion","S'il suffisait qu'on s'aime, s'il... suffisait d'aimer - Céline Dion","S'il suffisait qu'on s'aime, s'il... suffisait d'aimer - Céline Dion"
olm,olm_C231b,pink,olesons,3,"Heigh-ho, heigh-ho... on rentre du boulot ! - Blanche-Neige","Heigh-ho, heigh-ho... on rentre du boulot ! - Blanche-Neige","Heigh-ho, heigh-ho... on rentre du boulot ! - Blanche-Neige"
olm,olm_C232a,pink,olesons,3,"Mel assieds-toi faut que j'te parle... - Francis Cabrel","Mel assieds-toi faut que j'te parle... - Francis Cabrel","Mel assieds-toi faut que j'te parle... - Francis Cabrel"
olm,olm_C232b,pink,olesons,3,"Toutes les femmes de ta vie... en moi réunies - L5","Toutes les femmes de ta vie... en moi réunies - L5","Toutes les femmes de ta vie... en moi réunies - L5"
olm,olm_C233a,pink,olesons,3,"Hakuna Matata, mais quelle phrase magnifique... Hakuna Matata, quel chant fantastique! - Le roi lion","Hakuna Matata, mais quelle phrase magnifique... Hakuna Matata, quel chant fantastique! - Le roi lion","Hakuna Matata, mais quelle phrase magnifique... Hakuna Matata, quel chant fantastique! - Le roi lion"
olm,olm_C233b,pink,olesons,3,"Laissez-moi danser, laissez-moi chanter en liberté tout l'été... - Dalida","Laissez-moi danser, laissez-moi chanter en liberté tout l'été... - Dalida","Laissez-moi danser, laissez-moi chanter en liberté tout l'été... - Dalida"
olm,olm_C234a,pink,olesons,3,"Mélissa, métisse d'Ibiza... vit toujours dévêtue - Julien Clerc","Mélissa, métisse d'Ibiza... vit toujours dévêtue - Julien Clerc","Mélissa, métisse d'Ibiza... vit toujours dévêtue - Julien Clerc"
olm,olm_C234b,pink,olesons,3,"Sur le pont d'Avignon, on y danse, on y danse... - Comptine","Sur le pont d'Avignon, on y danse, on y danse... - Comptine","Sur le pont d'Avignon, on y danse, on y danse... - Comptine"
olm,olm_C235a,pink,olesons,3,"Pas de boogie woogie avant de faire vos prières du soir... - Eddy Mitchell","Pas de boogie woogie avant de faire vos prières du soir... - Eddy Mitchell","Pas de boogie woogie avant de faire vos prières du soir... - Eddy Mitchell"
olm,olm_C235b,pink,olesons,3,"L'aventurier contre tout guerrier Bob Morane contre tout chacal... - Indochine","L'aventurier contre tout guerrier Bob Morane contre tout chacal... - Indochine","L'aventurier contre tout guerrier Bob Morane contre tout chacal... - Indochine"
olm,olm_C236a,pink,olesons,3,"On s'était dit rendez-vous dans 10 ans, même jour, même heure... - Patrick Bruel","On s'était dit rendez-vous dans 10 ans, même jour, même heure... - Patrick Bruel","On s'était dit rendez-vous dans 10 ans, même jour, même heure... - Patrick Bruel"
olm,olm_C236b,pink,olesons,3,"Tu prends tes caleçons sales et tu hors de ma vue... - Cookie Dingler","Tu prends tes caleçons sales et tu hors de ma vue... - Cookie Dingler","Tu prends tes caleçons sales et tu hors de ma vue... - Cookie Dingler"
olm,olm_C237a,pink,olesons,3,"Dans la jungle, terrible jungle... le lion est mort ce soir - Le roi lion","Dans la jungle, terrible jungle... le lion est mort ce soir - Le roi lion","Dans la jungle, terrible jungle... le lion est mort ce soir - Le roi lion"
olm,olm_C237b,pink,olesons,3,"Mais 3 nuits par semaine, c'est... sa peau contre ma peau - Laurent Voulzy","Mais 3 nuits par semaine, c'est... sa peau contre ma peau - Laurent Voulzy","Mais 3 nuits par semaine, c'est... sa peau contre ma peau - Laurent Voulzy"
olm,olm_C238a,pink,olesons,3,"Il en faut peu pour être heureux, vraiment très peu pour être heureux... - Le livre de la Jungle","Il en faut peu pour être heureux, vraiment très peu pour être heureux... - Le livre de la Jungle","Il en faut peu pour être heureux, vraiment très peu pour être heureux... - Le livre de la Jungle"
olm,olm_C238b,pink,olesons,3,"Paris Latino Que bueno que rico que lindo... - Bandolero","Paris Latino Que bueno que rico que lindo... - Bandolero","Paris Latino Que bueno que rico que lindo... - Bandolero"
olm,olm_C239a,pink,olesons,3,"Je je, suis libertine ... je suis une catin - Mylène Farmer","Je je, suis libertine ... je suis une catin - Mylène Farmer","Je je, suis libertine ... je suis une catin - Mylène Farmer"
olm,olm_C239b,pink,olesons,3,"Confessions nocturnes... seins - Diam's, Vitaa","Confessions nocturnes... seins - Diam's, Vitaa","Confessions nocturnes... seins - Diam's, Vitaa"
